蒜蓉青菜,1.准备一把嫩嫩的小青菜，三瓣蒜，一小块姜。2.姜蒜切末、小青菜用手一片片的分开用清水冲洗干净，也可再用淡盐水泡一会儿，加盐或者小苏打粉都可以，能把青菜洗得更干净放心。3.热锅冷油  4.油开了后然后关火，待油温自然凉到五成热时放姜蒜末爆香。5.开大火，把小青菜倒下去。6.炒至另一面断生了。7.用锅铲再翻一面。8.此时放入食用盐，味精翻炒均匀即可出锅。9.成品：一道非常下饭的蒜蓉小青菜就做好了。,,,
香菇青菜,"1.将小青菜摘洗干净。2.将摘好的小青菜泡水里二十分钟。3.将香菇的杆去掉洗干净。4.香菇放入开水锅中煮两分钟。5.将煮好的香菇切成薄片。6.将红椒切成圈，大蒜和姜切成末备用。7.开大火将锅烧热，锅热后放入油，油五成热时放入姜,蒜,红椒炝锅,炒出香味。8.放入香菇翻炒几下。9.然后放入小青菜,盐，将盐翻炒均匀，将小青菜炒软就行。",,,
清炒青菜,1.准备好青菜。2.将青菜洗净，用手掐掉根部。3.锅里放入少许油，放入青菜。4.待青菜炒软之后，加入少许盐。5.盐炒均匀融化即可。,,,
清炒生菜,1.生菜洗净滴干水。2.锅中放油，大火加热至7成热。3.倒入生菜，炒至生菜变软，放入盐和黄豆酱，翻炒均匀，即可岀锅。,,,
蚝油生菜,1.将买回来的生菜剥成一片一片的，放到水里浸泡10分钟。2.准备调料汁。一小勺蚝油一小勺酱油一小勺淀粉少许盐，再加小半碗水调配成稀汁。3.大蒜拍碎切成碎末，放一旁备用 。4.锅里倒入水，把水烧开，加入一点点盐和植物油，把洗好的生菜放下去烫十秒左右，迅速捞起来，放入盘中。5.把锅里的水倒掉，放少许植物油烧开，把蒜末丢进去煸炒出香味，再把调味汁倒入锅中用小火烧开。6.淋到生菜上面即可。,,,
蒜蓉生菜,1.生菜洗净，蒜切粒。2.锅里油烧热，放入蒜粒爆香。3.倒入生菜翻炒。4.加入少许盐，白糖炒匀。5.翻炒出锅，装盘。,,,
香菇菜心,1.油菜心洗净，鲜香菇去蒂洗净打上花刀。2.烧一小锅热水，放一勺盐和一点食用油，把菜心放入焯软捞出放凉水过凉。3.沥干水分摆盘。4.炒锅热少许油放姜葱片爆香，放入香菇翻炒一会。5.再到半小碗水烧开，放盐，一点生抽，胡椒粉，鸡精调味。6.香菇变软后捞出摆盘。7.锅 留原香菇汤汁，调一点水淀粉，倒入锅中再次烧开关火，将汤汁浇到菜盘里，清清亮亮一盘菜就好了。,,,
白灼菜心,1.菜心清洗干净。2.锅里加入适量清水烧开、放菜心、滴几滴油(防止菜心变黄)。3.放盐、煮至菜心变深绿色为熟(两分钟左右)、捞起摆盘。5.锅里放酱油，小火烧开，淋在菜心上即可。,,,
蒜蓉菜心,1.菜心洗干净备用。2.蒜切末，菜心一分为二。3.油6成热，放蒜末爆香。4.菜心入锅，撒盐，翻炒。5.注意火候和时间，菜不要炒老了，放鸡精出锅。6.菜一个方向摆盘，蒜末最后撒上，一盘清新的蒜蓉菜心就做好啦，配合荤菜吃，特别爽口。,,,
小白菜炖豆腐,1.小白菜摘洗干净，普通豆腐一块。2.豆腐切块焯一下水，去掉豆腥味，小白菜切段，葱姜蒜切末，枸杞冲洗一下。3.炒锅热少许油，下入葱姜蒜爆香，放入小白菜编炒。4.小白菜稍微变软，加入一大碗清水烧开，再把豆腐放入。5.再次烧开，放盐，胡椒粉 ，枸杞。6.在加点鸡精，滴几滴香油，关火出锅。,,,
清炒小白菜,1.小白菜洗净控干。2.热锅凉油下入葱姜蒜片爆香。3.下入小白菜翻炒，下入适量盐翻炒至成熟。4.下入蒜末，滴上几滴香油翻炒均匀。5.一道健康美味的清炒小白菜即可出锅喽！,,,
小白菜炒鸡蛋,1.准备两个鸡蛋打散。2.小白菜洗干净切段。3.切蒜末。4.爱吃辣椒可以放几个辣椒，也可不放。5.锅里热油倒入鸡蛋液煎至成型。6.爆香蒜末，再放入小白菜翻炒。7.放入适量盐，鸡精，调味即可出锅。,,,
麻酱油麦菜,1.准备食材，油麦菜300克。2.把油麦菜切段，在水里面加入少许盐，泡水10分钟后捞出沥干水分放入盘中。3.取一个空碗，加一勺芝麻酱，加入少许水搅拌成芝麻糊。4.加入少许白糖。5.加入1勺陈醋和适量的盐搅拌均匀，最后均匀的淋在油麦菜上。,,,
耗油油麦菜,1.油麦菜洗干净，沥干水份，切三段，姜切丝，大蒜切片，备用！2.锅里烧水烧开，把油麦菜放入，焯一下，捞起来！3.用冷水冲冷，沥干水份备用！4.锅里放适量的油，把油烧热，把大蒜和姜放入爆香！5.把油麦菜放入翻炒片刻，放红辣椒和豆鼓！继续翻炒两分钟！6.最后放适量的盐和鸡精调味，再放适量的耗油收汁！7.盛起装盘，这道耗油油麦菜做好了，特别有食欲吧！,,,
蒜蓉油麦菜,1.油麦菜洗干净切成8公分左右的段。2.蒜用刀切成细一点的蒜蓉。3.热锅倒入适量的菜籽油。4.关小火倒入蒜蓉煸炒出蒜的香味。5.炒到蒜有变成金黄色，发干的时候开大火倒入油麦菜煸炒。6.倒入油麦菜后用铲子翻炒到油麦菜变软。7.再加入少许的盐，快速翻炒就可以出锅了。8.出锅装盘，一道简单美味的蒜蓉油麦菜就做好了，很简单吧。,,,
木耳大白菜炒肉,1.准备好食材:五花肉和白菜洗净切片，胡萝卜切菱形片，木耳泡发后撕成小片，切葱花和姜片。2.锅中放适量油烧热后倒入肉片炒至断生。3.放入姜片和葱花，再调入生抽和料酒翻炒均匀。4.把木耳和胡萝卜一起倒入锅中翻炒均匀。5.再放入白菜加少许十三香，大火翻炒3-5分钟。6.调入适量的盐和鸡精，翻炒均匀关火即可。,,,
酸辣大白菜,1.白菜洗净对半切，再改刀对半切，然后沥干水分备用。姜切丝，蒜拍碎，干辣椒对半切。2.热锅倒入适量油烧热，加入姜蒜、干辣椒爆香。3.接着倒入白菜翻炒断生。4.最后加入适量盐、鸡精、白醋翻炒一会，入味即可出锅。,,,
大白菜炖粉条,1.粉条提前十分钟用冷水泡软。2.白菜洗净切条。3.葱切段，蒜切碎。4.锅中放油，放入豆豉酱炒开。5.放蒜爆香。6.放白菜炒至白菜发软。7.放粉丝炒匀。8.放小半碗水稍微煮几分钟。9.煮至汤汁快干放盐，鸡精和葱炒匀出锅即可。,,,
耗油娃娃菜,1.娃娃菜切四瓣，放在清水里清洗干净。2.辣椒，小葱，蒜切末。3.热锅下油，放入蒜末爆香。4.加入干净的娃娃菜炒，不要来回翻，要轻轻的翻娃娃菜，否则娃娃菜会碎。5.加入蚝油和酱油，娃娃菜会出水，娃娃菜慢慢变软，盖上盖子，慢炖一会儿，就会入味了。6.出锅后装盘，加入辣椒碎和葱末,,,
蒜蓉粉丝娃娃菜,1.娃娃菜，粉丝，准备好，娃娃菜洗干净。2.将娃娃菜切成小朵，注意根部不要切散。3.粉丝剪短用水泡上十分钟。4.锅中放清水烧开，将娃娃菜放入焯水。5.焯好的娃娃菜，用凉水冲凉。6.码盘。7.炒锅放植物油，将切好的蒜沫放入一半炒蒜蓉。8.泡软的粉丝，放在吗好盘的娃娃菜上面。9.炒好的蒜蓉，还有余下的生蒜，香菜碎，胡萝卜碎，都放在粉丝上面，上锅蒸十五分钟。10.蒸菜的时候找来一只碗，将蚝油和生抽倒入搅拌均匀。11.十五分钟后菜蒸好了，浇上调好的汁。12.洒上葱沫即可。,,,
上汤娃娃菜,1.娃娃菜洗干净，准备好。2.高汤，可以用猪骨汤。3.锅内倒油，热了之后加葱蒜爆香。4.然后倒入高汤，大火烧开。5.放入洗好的娃娃菜，煮到变软就可以了。6.然后加些盐调味即可。,,,
耗油杭白菜,1.杭白菜洗净切丝。2.油锅加热放入杭白菜煸炒至软。3.加入蚝油和适量盐快速翻炒。4.盛出即可,,,
杭白菜蘑菇面筋,1.杭白菜洗净切段3厘米左右，鲜蘑菇切片，油面筋戳个洞用水泡软。2.锅里放少许油烧热，依次放入杭白菜、蘑菇片、油面筋，翻炒。3.放盐调味、盛盘。,,,
清炒杭白菜,1.杭白菜洗净切丝。2.油锅加热放入杭白菜煸炒至软。3.加入适量盐和味精快速翻炒。4.盛出即可,,,
粉丝卷心菜,1.包菜、胡萝卜去皮洗净、分别切成丝。2.鸡蛋打散，加几滴盐搅拌均匀。葱头去须去尾拍碎。3.浸泡软的米粉丝捞起，沥干水，撕散开。4.热锅，放适量油，倒入鸡蛋液煎成蛋皮。5.夹起切成丝。6.继续热锅，添加少许油，下葱头爆香。7.倒入胡萝卜丝煸炒一下。8.加入包菜丝。9.加上一汤匙酱油，翻炒均匀。10.倒入米粉丝。11.用碗盛起酱油、老抽、蚝油、鸡粉、香油搅拌均匀，倒入锅中。12.用筷子快速划炒，或直接端起平底锅抛炒食材，至色味均匀。13.加上蛋丝，关火，拌匀即可。,,,
手撕包菜,1.准备半个苞菜。2.撕成小片。3.冲洗干净。4.葱姜蒜辣椒切好备用。5.锅中倒入色拉油8成热放入葱姜蒜辣椒炒出香味。6.放入苞菜煸炒，依次放入盐，酱油，醋，糖，煸炒，快好了放入耗油味精即可。,,,
凉拌卷心菜,1.圆白菜洗净，控干。2.手撕成片状。3.入开水中焯一下。4.变色后马上捞出，过凉，攥干水分备用。5.添加盐、生抽、糖和香醋拌匀。6.干红辣椒切段、生姜切丝、大蒜剁成碎末。7.起油锅，爆香姜蒜和干红辣椒。8.趁热浇在拌好的圆白菜上，吃时拌匀。,,,
凉拌茼蒿菜,1.准备材料:茼蒿洗净备用，蒜切成末。2.锅中烧水烧开。3.把茼蒿放锅里焯软。4.准备一个凉水盆。5.焯过的茼蒿放在凉水里。6.把茼蒿的水用手攥干，切段摆盘。7.蒜末，盐均匀撒在茼蒿上，再淋上一勺酱油一勺生抽一勺香油，就做好了。,,,
茼蒿菜炒肉,1.茼蒿摘洗干净，肉切丝，葱姜蒜辣椒切片。2.炒锅热油，下入葱姜蒜辣椒爆香，放肉编炒。3.炒制肉变色，放生抽，盐炒匀。4.再放茼蒿编炒。5.炒制茼蒿变软关火即可。,,,
清炒茼蒿菜,1.茼蒿清洗干净，去掉老根，切段。葱姜蒜切沫。2.锅中烧热油，放入花椒粒爆香。3.放入葱姜爆香。4.放入茼蒿翻炒，只放茼蒿茎部，不放叶。5.把茼蒿茎翻炒几下以后下入茼蒿叶部，继续翻炒。6.放入蒜末，盐，继续翻炒，待茼蒿断生后即可出锅。,,,
蒜蓉空心菜,1.空心菜从中间掐断，放入盆中放入小苏打加入水浸泡15分钟。然后洗干净控干水分。2.蒜切成片，干辣椒切成段。3.热锅倒入适量菜籽油，油热后放入干辣椒和蒜片煸炒出香。4.倒入空心菜快速翻炒。5.空心菜变软后加入一勺耗油，少许盐快速翻炒。6.出锅装盘，炝炒空心菜就做好了，是不是很简单。,,,
腐乳空心菜,1.首先把空心菜去掉老的叶茎，洗净，然后大致在茎叶分界处把它一切两半，之后分别切成寸段控干水分待用。2.一捆空心菜，大概用1/3块豆腐乳加上1小匙腐乳汁，这样咸度刚刚好，将腐乳汁和腐乳块一起搅散成汁，如果太稠，就加1小匙的水拌匀待用。3.炒锅大火烧热，下1大匙的油，转一下锅让油均匀的分布在锅中，先下空心菜梗快速翻炒至颜色变翠绿，接着下空心菜叶快速翻炒至叶子塌软，然后倒入腐乳汁，关火，利用锅的余热拌炒均匀即可。,,,
肉末空心菜,1.空心菜去叶留梗洗净，肉和红椒洗净。2.红椒和蒜，肉末切碎，空心菜梗切段。3.锅中放油，放入肉末炒散。4.把肉末扒到边上，放入蒜和红椒炒香。5.放入料酒和生抽炒匀。6.倒入空心菜，急火快炒。7.炒至空心菜变的稍软，放入盐和鸡精调味，炒匀。,,,
清炒红苋菜,1.苋菜摘洗干净。2.蒜切末。3.油锅烧热，下蒜末爆香。4.下苋菜快速翻炒。5.炒至变软后加少许盐，炒匀关火即可盛盘。,,,
蒜香白苋菜,1.准备好苋菜，摘好然后浸泡半个小时，然后洗净沥干水。2.蒜拍碎。3.锅里面放适量油，烧至七分热时把蒜末放去爆香。4.然后把苋菜放进去。5.大火快速翻炒4分钟左右，加适量盐即可出锅。,,,
皮蛋苋菜汤,1.苋菜去根、去黄叶，洗净备用。2.锅内放水烧开，入苋菜焯水，微微变软即可。3.姜、蒜切末备用。4.刀上抹醋，将皮蛋剥皮、切小丁。5.锅内放油烧热，入蒜、姜末炒香。6.入皮蛋炒至变色。7.放入两碗水烧开，入苋菜煮两分钟。8.放入适量盐、香油即可出锅。,,,
芹菜炒豆干,1.备好图中食材。芹菜去筋后折成小段，香干、蒜、干辣椒洗净。2.香干切粗丝、蒜切片、干辣椒切结。3.锅里水烧开，放入香干焯水。4.捞出控干水备用。5.热锅冷油，放入蒜片、干辣椒结炒出香味。6.倒入香芹炒七八分熟。7.倒入香干翻炒，加入白糖、胡椒粉、生抽炒匀入味。8.加盐、味精翻炒均匀。,,,
芹菜炒牛肉,1.牛肉切丝。2.然后用生粉料酒盐生抽抓腌一下。3.芹菜去掉叶子切段。4.泡椒小米椒大蒜切段。5.锅中放入适量油烧热后放入牛肉，炒好的牛肉先装盘。6.锅中再放入适量的油把辣椒泡椒蒜头放去爆香。7.接着放入芹菜。8.炒断生后放入炒好的牛肉。9.翻炒均匀放适量水焖煮一下。10.待汤汁收干放入适量盐和鸡精调味即可。,,,
芹菜拌腐竹,1.芹菜洗净，切成菱形段。2.发好的腐竹斜刀切菱形，放入盘中备用。3.红椒切菱形。4.锅中放入清水500克，大火烧开，下入红椒块、芹菜和腐竹。5.焯透倒入漏勺过凉水控水备用。6.取一只干净的盒，把控开水分的红椒块、芹菜和腐竹放入碗中，加盐、米醋、味精、白糖、香油，拌均即可。,,,
水芹炒香干,1.水芹冲洗干净，切段，豆干切丝，红椒切丝；锅里倒入少许的油，烧七八成热，将干丝和红椒丝一起倒锅里翻炒片刻，然后倒入水芹，加适量的盐翻炒至水芹断生即可，关火搁少许味精，翻炒均匀即可，起锅，装盘。,,,
清炒水芹,1.水芹洗净切段备用。2.锅加油烧热放入水芹煸炒，生抽顺着锅边倒入快速煸炒，加盐，糖，炒至水芹微变软即可出锅,,,
凉拌水芹,1.水芹菜摘掉老梗，老叶。2.清洗干净。3.红辣椒切圈，蒜头切碎。4.水芹菜过水，水滚放水芹菜入锅。5.水滚煮两分钟即可。6.捞起放凉，拧干水切段。7.把切好的水芹菜放入大一点的容器里，加蒜蓉，辣椒，橄榄油，盐，生抽，糖搅拌均匀即可。,,,
菠菜鸡蛋汤,1.菠菜择干净，劈开，放在盆内浸泡，仔细清洗干净，切段。2.锅内烧开水，水开，将菠菜放入。3.鸡蛋打散，水开将蛋液慢慢倒入锅内，用筷子慢慢搅动，使鸡蛋慢慢凝固。要是想要散的蛋花，就快速搅动搅动，关火。4.滴入几滴香油，提香提味。5.加入盐、鸡精调味，即可出锅喽,,,
菠菜鸡蛋饼,1.将菠菜洗净，放入沸水中焯烫一下后捞出，过凉水后沥干水分。2.将鸡蛋打散成蛋液，平均分成两份；其中一份加入面粉，拌匀成面糊；另一份蛋液中加入少许盐，拌匀待用。3.将沥干水的菠菜放入面糊中，放入葱花、姜末、适量的盐与少许胡椒粉，拌匀。4.平底锅内放入少许油，将菠菜面糊平摊在锅里，煎至成型后翻面。5.将留出的蛋液的一半倒在蛋饼上面，然后翻面，再倒入剩下的另一半蛋液在饼面上。6.小火将其煎至两面金黄中间熟透后即可出锅切块装盘,,,
麻酱菠菜,1.菠菜用盐水洗净 放开水中烫一下。2.捞出 切成段。3.放入调好的芝麻酱。4.撒上蒜末 芝麻 小米辣即可。,,,
蒜香豆苗,1.豆苗洗净控水。蒜切片，或者从中间再切一刀。2.炒锅烧热，放入少许食用油，放入切好的蒜片炒出香味，然后放入豆苗翻炒片刻，切勿出水！加入一勺盐翻炒均匀，关火。淋入少许小磨香油拌均，装盘即可。,,,
上汤豆苗,1.豆苗洗净，留下嫩苗部分炒；火腿片切成丁，咸蛋蒸熟后去壳切成丁，皮蛋去壳切丁，枸杞子用温水泡2分钟捞出沥干，蒜头用刀背拍扁。2.坐锅，放一点点油，下蒜头中小火炒香，下火腿丁炒变色。3.倒入鸡骨架汤，大火煮开水后，转小火煮1分钟，让蒜味充分融于汤中，将蒜头捞出弃之。4.再次开大火将汤煮开，汤中放盐，放入豆苗，用筷子拨散豆苗，待豆苗色加深有点软即关火，撒下枸杞子，晃动锅，让汤料均匀吸味。5.盛起，汤表面放上咸鸭蛋丁和皮蛋丁即可,,,
凉拌豆苗,1.豆苗摘根，去皮，洗净待用。2.烧开水，里面放少许盐，烫两分钟。3.取出装盘。4.拌里少许糖，海鲜酱油，蚝油，盐芝麻，香油拌均即可～,,,
酒香草头,1.草头去杆洗净备用。2.锅子加油（平时炒菜油量的一倍）烧热，盐放在洗干净的草头上下锅快速反炒。3.沿着锅边加一点点高度白酒继续炒二下。4.洒上一点点美极鲜酱油，也可以放生抽，糖随意，加的话也是一点点吊鲜，要吃不出甜味。即可出锅。,,,
草头白米虾,1.白米虾和草头洗净备用。2.高汤加热至沸腾，然后倒入白米虾焖煮1分钟，为防止虾蹦出来，最好盖上锅盖。3.将煮好的白米虾捞出放入保温容器中。4.将草头加入高汤中。5.煮至草头颜色变深（大约30秒）后即可关火。6.装盘时，将草头铺在容器底部，然后放上白米虾，最后将高汤浇上去即可。,,,
草头圈子,1.草头洗干净沥干水分。2.圈子出水 锅里放油 煸炒 加料酒 老抽 糖 桂皮煮开 慢火煨 熟的时候糖收汁盛起。3.最后热锅热油 锅里放点盐 煸炒草头 喷上白酒 翻炒片刻 即可装盘 然后把圈子倒在草头上 就可以享用了。,,,
白灼芥兰,1.芥兰去皮洗净，切成6-7CM的小段后，十字对切。2.拿一个小碗，倒入俩勺美味鲜酱油，搁几粒味精，搅拌均匀待用。3.锅内倒入一勺的橄榄油或者食用油，烧至六七成热，将油倒在酱油的碗里。4.然后，锅子洗干净，加清水烧开。5.然后倒入切好的芥兰，在开水中灼烫一俩分钟后，迅速捞起，摆盘。6.然后浇上酱油汁，吃起来脆爽可口一盘菜就做好了哦！,,,
腊肠炒芥兰,1.烧一锅水，滴几滴油，水开后放进芥蓝灼烫至变青绿。2.全部转色后，捞起沥干水分。3.热油锅，爆香姜片。4.放腊肠进锅，翻炒至腊肠变透明。5.倒进沥干水分的芥蓝，爆炒1分钟。6.加入白酒，翻炒均匀。7.加入白糖、盐翻炒均匀即可。,,,
芥兰山药炒木耳,1.山药切片焯水。2.芥兰焯水备用。3.木耳断开，葱姜切丝。4.锅中放油。5.放入葱姜爆香。6.加入芥兰。7.加入山药。8.大火翻炒调味放少许盐。9.放鸡精翻炒均匀出锅盛盘。,,,
韭黄春卷,1.肉糜加姜葱末、盐、水调匀。2.韭黄切1、2厘米的段，加入拌匀。3.春卷皮一段包入馅料。4.卷起两道，稍微整理成圆柱形。5.两边收口折进来。6.再全部卷完。一点点面粉和水调和成浆糊黏住收口的边。7.锅里倒油，中火炸。8.炸至两面金黄即可。,,,
韭黄炒鸡蛋,1.韭黄切去根，摘去老叶，洗净切成一寸长的段。2.鸡蛋打散，加入小半勺盐拌匀。3.起油锅，下鸡蛋用筷子滑散，盛起备用。4.重新起油锅，下韭黄翻炒至微微变软，加大半勺盐、鸡蛋，迅速翻炒半分钟起锅。,,,
韭黄炒肉丝,1.首先把调料准备好，快炒时才不至手忙脚乱。2.里脊肉片成片，改肉丝，和筷子粗细相当就行。3.用生粉和10克生抽将肉丝抓匀，抓至起粘性。4.韭黄捋好洗净沥干，切成寸段。干红椒斜剪成细丝。5.起锅中火下油，油五成热时放花椒炒香，捞出花椒不用。6.放入红椒丝略炒。7.放入浆好的肉丝滑散。倒出一部分油，少留些油比较健康。8.转大火放入韭黄翻炒两下。9.放入盐和剩余的生抽翻炒至韭黄断生离火，并继续翻炒。这样韭黄才能成熟的均匀。10.出锅装盘。,,,
清炒韭菜,1.韭菜去除根部的泥土叶子，和尖布的黄叶子，清洗干净。2.把韭菜切成五厘米左右的段。3.炒锅放入少许油烧热，下入韭菜，迅速翻炒。4.加入少许味极鲜酱油和少许盐，快速翻炒关火。5.盛入盘中即可食用，做法非常简单呢，也很好吃哦。,,,
韭菜炒鸡蛋,鸡蛋加少许盐打散，热油锅炒出（边炒边用锅铲切成小块）备用，然后再放油锅，洗净切好的韭菜头放进锅中翻炒两下，再放切好的韭菜叶子和鸡蛋一起翻炒，关火，加盐拌匀即可,,,
胡萝卜韭菜肉饼,1.面包屑放牛奶里浸泡3-5分钟。2.胡萝卜、韭菜和洋葱分别切碎，然后放在一起搅拌一下。3.肉糜、鸡蛋、面包屑和牛奶放盆中，再加入盐、胡椒粉和辣椒油（不喜欢辣味，可用点食用油）拌匀。4.将2和3放到一起拌匀。5.煎锅加少许油烧热，放入肉饼中火煎。6.加盖将底面煎到焦黄。7.翻面将另一面煎好。8.橙汁、香油和辣椒油调匀后淋到煎好的肉饼上即可,,,
清炒鸡毛菜,1.准备好鸡毛菜。2.将鸡毛菜洗净。3.锅里放入少许油，放入鸡毛菜。4.待鸡毛菜炒软之后，加入少许盐。5.盐炒均匀融化即可。,,,
上汤鸡毛菜,1.香菇用冷水浸泡30分钟至泡发，洗净并去蒂。腐竹放入温水中浸泡1小时至回软并切成3cm长的 斜段。鸡毛菜择洗干净。金针菇洗净，切去根部。2.锅内注入素高汤（或清水）煮沸，放入油豆腐、水发香菇、腐竹，调成小火焖煮10分钟。3.放入金针菇煮3分钟，最后放入鸡毛菜，调入盐即可上桌。,,,
豆腐皮鸡毛菜,1.准备好豆腐皮，小米辣，大蒜，洗好鸡毛菜，蟹味菇。2.大蒜爆锅，先下蟹味菇，再加鸡毛菜。3.加入豆腐皮，加酱油、蚝油，再加适量温水，咕嘟一会就可以出锅啦～,,,
炝拌双耳西兰花,1、黑白木耳泡发，洗净空水；胡萝卜切片 2、西兰花掰匀洗净；3、锅中烧沸水，把西兰花焯3分钟，加几滴油和半勺盐；4、飞过水的西兰花捞出；5、葱、姜、蒜切好备用；6、锅烧热，倒油，六七成油温时爆香葱、姜、蒜；7、黑白木耳胡萝卜和西兰花入锅翻炒；8、调入蚝油、薄盐生抽、糖，最后调50ml带盐水淀粉勾薄芡，掂两下锅即可关火出锅盛盘。,,,
上汤西兰花,1.先将西兰花剪好、洗净备用。2.枸杞泡软。3.将火腿切丁，大蒜切片，皮蛋、咸蛋剥好并切成小块备用。4.起油锅煎蛋皮，切丝备用。5.另起油锅(西兰花比较吸油，可适量多方一些)，待油温热后将洗干净的西兰花倒入，翻炒5分钟。加一些开水，盖上锅盖烧一会。待西兰花略微熟一点的时候加入适量盐和味精(如有上汤料，也可以同时加入)。6.加入先前切好的火腿丁、蒜片、皮蛋和咸蛋块，一同翻炒，由于鸭蛋和皮蛋都是可以直接食用的，稍微炒一下就可以起锅装盆了。喜欢汤厚一点的也可以勾芡一下。7.最后撒上枸杞和蛋皮丝，一道色香味俱全的佳肴呈现了。,,,
西兰花香菇炒腊肉,1.将所需的材料分别洗净，切开小块备用。2.西兰花、香菇、黑木耳和胡萝卜分别用开水焯一下，捞出备用。3.炒勺加橄榄油，5成热加入葱姜爆锅，在加入腊肉、香菇、西兰花、胡萝卜和黑木耳翻炒，加入料酒和食盐等调料。4.也可以加一匙牛奶，炒出的菜更白净可口，翻炒几下即应出锅，尽量减短加热时间。,,,
干锅有机花菜,1.花菜洗净掰小朵，不需要太小，就炒碎掉没有口感了；五花肉切薄片，干辣椒剪圈，蒜籽切片待用。2.热锅入油，放肉片炒香，放蒜片，干辣椒，炒香，放花菜，掂锅让菜菜豆裹上油，盖上锅盖，时不时打开翻腾下，看花菜变软就可以放生抽和糖，炒匀。3.翻炒均匀，稍微洒一些水，让菜菜湿一点好吃，水分蒸发掉一部分的时候就可以出锅了,,,
有机花菜炒木耳,1.有机花菜切小朵备用；黑木耳提前一晚泡发备用；一勺生粉加点点水混合稍后勾芡用。2.锅内下少许油，7分熟后放入花菜和黑木耳一同翻炒。3.加少许水继续翻炒。4.放入盐 糖 少许酱油等调味（酱油只要一点入味，多了颜色会深）。5.盖上盖子焖煮一会至花菜酥软一点（喜欢软的多闷煮一会，喜欢脆一点的时间少一点，自己掌握）。6.最后倒入勾芡汁勾芡即可,,,
豆豉酱爆有机花菜,"1.炒锅烧热，倒油,下入姜蒜略炒,再下入肉片翻炒至变色,喷入少许料酒。2.下入豆豉酱翻炒均匀。3.下入花菜和胡萝卜翻炒均匀。4.全程大火翻炒，花菜炒一分钟左右下入青红椒翻炒均匀。5.撒入鸡精和葱段，翻炒几下，出锅装盘即可。",,,
麻香油泼芦笋,1.芦笋切掉老的一部分。2.芦笋、小米椒、蒜洗净。3.芦笋、小米椒切菱形、蒜切粒。4.锅里水烧开，加几滴油，少许盐，倒入芦笋焯熟。5.捞出过凉水后控干、码盘。6.铺上蒜粒、小米椒。7.取一净碗加入生抽、香醋、白糖、鸡精、少许盐、1勺凉开水调匀，做成调料汁。8.锅里烧热，倒适量麻油烧热。9.泼在蒜粒、小米椒上面，再淋上调料汁，拌匀即食。,,,
芦笋滑虾,1.芦笋洗净后切滚刀段。2.虾去皮挑去虾线，沥干水分，放入盐，淀粉，料酒，10毫升油抓匀。3.葱切段，姜切片，小米椒切段。4.锅中倒油后，撒上葱姜炒香。5.倒入虾仁快速滑炒。6.颜色稍变，撒上大蒜粒炒香，倒入芦笋。7.最后撒上小米椒摆盘。,,,
芦笋炒肉丝,1.芦笋去掉老的一部分、再洗净，瘦肉、红辣椒、蒜洗净。2.芦笋切菱形或切段，红辣椒切小块、蒜切片。3.瘦肉切丝。4.加入半汤勺油拌均匀，加料酒、生抽、玉米淀粉拌匀。腌制5分钟。5.锅里水烧开，加几滴油，再倒进芦笋焯水一分钟。6.捞出过凉水、控干。7.锅里加少许油，放入肉丝炒至变色。8.盛入盘。9.锅里留油，加入红辣椒小块、蒜片炒出香味。10.倒进芦笋、肉丝，加白糖翻炒均匀。11.加入盐、味精炒均匀即可盛盘。,,,
凉拌紫甘蓝,1.准备紫甘蓝。2.切适量的细丝。3.用清水冲洗捞出淋干水分。4.放入容器内加入白糖盐拌匀腌制十分钟。5.蒜切末，青红椒切细丝。6.腌制好的紫甘蓝倒出多余水分，加入蒜末青红椒丝，适量盐，白醋，香油拌匀即可,,,
紫甘蓝沙拉,1、将玉米下锅中焯熟，捞起，备用。2、雪梨去皮，切成细一点的条备用。3、把紫甘蓝洗净，沥干后切细丝。4、黄瓜去皮切条。5、所有食材混合均匀，依个人口味，可淋上柠檬汁，蜂蜜或沙拉酱拌匀即可。,,,
蒜香紫甘蓝,1.紫甘蓝，一切两半，去掉根部，切成丝。2.葱切段。3.锅里加水、加少许油烧开。4.放入紫甘蓝焯一下水。5.捞出沥干水，放凉。6.蒜里加少许盐，捣成蒜泥。7.紫甘蓝放凉后，放入一个大点的盆里，加入盐、酱油、味精、香油、蒜泥、葱段、白醋。8.所有材料搅拌均匀装盘即可。,,,
肉末茄条,1.长紫皮茄子三个洗净擦干水分。2.茄子切成五厘米长一厘米宽的条，加适量玉米淀粉面粉盐拌匀。3.瘦肉切成肉丁。4.葱姜切末，胡萝卜切小丁，香菜切段。5.取一小碗调好水淀粉备用，另一小碗放生抽老抽盐加少许水调成料汁。6.锅内油烧至六成热，可以用筷子插油里看筷子头周围冒小气泡即可。7.放入茄条炸至金黄。8.装盘备用。9.锅内放少量油，油热后放葱姜末爆香，放入瘦肉丁炒散至肉丁发白。10.倒入事先调好的料汁炒入味至肉丁上色。11.淋入水淀粉勾芡。12.汤汁粘稠冒泡时下入炸好的茄条和一半胡萝卜丁翻炒。13.装盘，撒胡萝卜丁和香菜段点缀。,,,
油焖茄子,1.茄子洗净。2.切大块，改花刀。3.锅中放油，茄子煎至金黄，盛出备用。4.锅内留油，放入小葱，辣椒，老干妈炒香。5.放入茄子，加生抽，少盐，糖翻炒。加少量水焖1--2分钟。6.放入蒜末，大火收汁即可出锅。,,,
凉拌茄子,1.茄子去头去尾，放入蒸锅大火蒸熟。2.这时可以准备凉拌调料，指天椒切圈，蒜压成泥，香菜切未，然后一一放入酱油，香醋，盐，鸡精，芝麻油和自制辣椒油，调配成凉拌汁。3.茄子蒸软至用筷子插入即可。4.将茄子拿出，撕成两半放入盘中放凉。5.放凉后再撕成细长条。6.然后撒入香菜末，辣椒圈和蒜泥再淋入备好凉拌汁。7.拌匀放置一会即可开吃！,,,
番茄炒蛋,1.把鸡蛋，番茄，葱准备好。2.把番茄去皮切块，葱切葱花。3.把鸡蛋打入碗里，加少许凉开水调匀。4.锅烧热倒入食用油烧至七成热。5.把调好的鸡蛋液倒入滑散。6.捞出备用。7.锅里留点底油然后把切好的番茄倒入炒。8.接着放入备好的鸡蛋一起炒，加入适量的盐，鸡精和少许香油，白糖调味就可以关火了。9.盛出来装盘撒上葱花,,,
番茄浓汤,1.准备食材，番茄，番茄沙司。2.豆腐香菇均切成小块。3.番茄洗净切小块。4.葱切段，姜切片。5.热锅凉油放入葱姜爆香。6.放入步骤2翻炒加入少许盐生抽翻炒入味。7.倒入盘中备用。8.锅里重新放油烧热倒入步骤3和适量番茄沙司翻炒出汤汁。9.加入适量清水。10.煮开将步骤7里的材料导入锅内。11.继续煮至汤汁浓稠，放入适量胡椒粉，盐，鸡粉搅匀即可。12.喜欢小葱的加少许小葱末即食,,,
凉拌西红柿,1.先准备两个洗干净的番茄！白砂糖两勺。2.从番茄的根部向下切！3.再把根部小心的挖出！4.这个番茄就会散开！5.把切好的番茄根部朝下尖朝上，顺时针的摆在盘子里！6.中间用切碎的番茄块填一下！7.最后洒上一层白砂糖！一盘美味的糖拌西红柿就好了！,,,
清炒南瓜片,1.南瓜洗净去皮去籽切片备用。2.葱切好备用。3.炒锅热油放入蒜末。4.蒜出香味倒入南瓜片翻炒。5.然后加入适量水盐盖盖闷2分钟。6.听到滋滋的声音开盖放适量鸡精搅匀关火。7.出锅盛盘撒少许葱花，黑胡椒碎装饰即可,,,
蛋黄焗南瓜,1.南瓜洗干净后去皮，去掉中心的瓜瓢，然后切成1厘米宽4厘米长的段。2.切好的南瓜段中放入1茶匙盐拌匀，腌制20分钟，让南瓜出水。3.咸鸭蛋取出蛋黄，并用小勺压碎备用。4.腌好的南瓜段会出水，控干水分后，放入干淀粉充分拌匀，使每一条上都沾有淀粉。5.锅中放油，5成热时，放入南瓜条慢火炸至颜色变得浅黄，并且变硬后沥干油捞出。6.另起锅，锅中留少许的底油，放入压碎的咸蛋黄，小火慢慢炒。7.当咸蛋黄炒出泡沫时再放入炸好的南瓜条，调入1/2茶匙盐和白糖，推匀即可出锅,,,
南瓜鸡肉盅,1.南瓜从上部切开。2.瓜瓤掏空。3.鸡胸肉切丁。4.放入玉米粒，胡萝卜粒和青豆到入适量蚝油，盐，味极鲜酱油。5.拌匀后放入南瓜里。6.放入蒸锅，凉水烧至开锅三十分钟即可。,,,
拍黄瓜,1.准备食材！黄瓜2根，葱、蒜、干红椒分别切末，香菜切段。2.将黄瓜拍碎！我拍，拍、拍。3.拍碎的黄瓜切段。4.放入大碗中备用。5.加入葱、蒜、香菜。6.倒入生抽、醋、香油、白糖、盐、鸡粉辣椒油搅拌钧匀。7.盛盘，撒上干红椒末做点缀。,,,
黄瓜木耳炒鸡蛋,1.黄瓜洗净，切片。木耳泡发，去蒂，洗净。2.鸡蛋打入碗内，这个时候关键的步骤来了！！！！在鸡蛋里面加一点点料酒、水、一点点盐，然后顺着一个方向将鸡蛋搅匀，这样搅出来的鸡蛋口感更好。3.热锅热油倒入打好的蛋液翻炒，稍微成型之后快速盛出。4.再次热锅倒油，葱花儿爆锅，放木耳进去翻炒，之后放鸡蛋，最后放切好的黄瓜。5.出锅之前放盐，因为之前蛋液里面放过一点了，所以要比平时炒菜时稍微少一点。出锅即可。,,,
糖醋酱黄瓜,1.黄瓜洗净切段，切片。2.再切条，用盐腌制几小时。3.油热爆香姜。4.加糖，鸡精，老抽，料酒，醋。5.烧开。6.再加蒜烧开。7.盛出晾凉备用。8.黄瓜挤出水分。9.倒入酱汁里拌匀装盘即可。,,,
清炒苦瓜,1.苦瓜洗干净，去籽去囊。2.切成薄片。3.辣椒、大蒜切碎。4.将苦瓜放入锅里焯水一分钟，再过一遍凉水。5.锅里热油，爆香大蒜。6.放入苦瓜翻炒。7.加入辣椒继续翻炒，放入适量盐、鸡精调味即可。,,,
苦瓜炒鸡蛋,1.苦瓜切开去瓤子洗净。2.斜刀切丝。水烧烧开烫一下马上捞出控水备用。3.鸡蛋打碗里搅均匀。4.锅里倒油烧七成热放入鸡蛋。5.快速炒散。6.放苦瓜炒均匀，少许盐调味，清淡口味，出锅。,,,
凉拌苦瓜,1.苦瓜洗净。2.把苦瓜外皮切下，尽量不要切到白瓤。(没有白瓤，苦瓜苦味减少）（万一切到了白瓤，就那样或者用刀切掉）3.烧水备用，水开后，倒入苦瓜片，观察苦瓜颜色变得更绿后捞出来。4.苦瓜片沥干水分，上撒香葱末、倒入蚝油、酌情加盐、加鸡精、加香油拌匀。即可食用。,,,
丝瓜毛豆,1.毛豆米洗净，放冷水入锅煮3分钟。2.丝瓜刨皮洗净切小段。3.红辣椒洗净切小段。4.煮熟的毛豆米沥干水备用。5.起油锅，爆香姜末。6.首先放入红辣椒煸炒。7.再倒入煮熟的毛豆米煸炒。8.最后放入切好的丝瓜段。9.加少量热水，放入盐和鸡精调味，收汁即可。,,,
丝瓜蛋汤,1.需要用的食材洗净备用。2.丝瓜切成滚刀块。3.先用油把鸡蛋炒熟，盛出锅放入碗中。4.再倒入油，油热后把葱，姜，蒜，红辣椒放入锅中煸香。5.放入毛豆煸炒八成熟。6.再放入丝瓜煸炒。7.加入适量的水，盐，白糖，黑胡椒粉，鸡蛋炖熟丝瓜。8.起锅前加入青红辣椒，鸡精即可。,,,
蒜蓉干杯蒸丝瓜,1.丝瓜削皮，蒜蓉剁成蓉。2.干贝用温水泡软。3.热锅，放入比蒜蓉多一些的油，将蒜蓉放入油中，用小火炒热（注意别炒焦了）。4.炒热的蒜蓉用加入少许盐，李锦记特级鲜酱油和鸡精，调均匀。5.泡软的干贝用手捏散，沥干水份。6.将丝瓜放在盘中，调好的蒜蓉油均匀抹在丝瓜上，再在上面放上适量的干贝。7.锅里摆上蒸架，将丝瓜放入，大火蒸8分钟左右即可出锅。,,,
家常清炒八棱瓜,1.将八棱瓜去皮洗净切成滚刀状；锅里油5成热时倒入八棱瓜煸炒。2.待八棱瓜炒透时加少许盐调味，继续翻炒几下即可出锅盛起。,,,
双椒蚝油八棱瓜,1.八棱瓜、青红椒洗净，水发黑木耳去蒂。2.青红椒去籽切菱形片，黑木耳撕成小朵，大蒜切片。3.八棱瓜削去外皮切滚刀块。4.锅烧热加入少许的油烧至5成热，放入蒜片爆出香味。5.先放入八棱瓜块。6.再放入青红椒、黑木耳。7.加蚝油、盐、糖大火快速翻炒半分钟。8.干淀粉加适量水调成水淀粉，加入锅内快速炒匀即可出锅。,,,
八棱瓜烩油条,1.无明矾大油条一根，八棱瓜一根。2.八棱瓜去皮，切成滚刀块。油条也切成小块备用。3.新鲜干莲子泡清水半个小时。4.入沸水锅中煮熟，捞出备用。5.锅内倒入少许食用油，油热后，将大蒜切片放入锅中，小火煸香。6.将丝瓜倒入。7.快速翻炒。8.煮熟的莲子也倒入锅子里。9.转大火，迅速翻炒。10.加入一小勺盐。11.加盐后，丝瓜本身会出一点点水，但如果想让丝瓜口感更软嫩一些，可以淋入一小碗清水。12.稍微将丝瓜和莲子炖一下下，令二者变软。时间也不要长，因为莲子是熟的，丝瓜本身也非常易熟。13.这个时候，就可以勾芡了。淋入一小碗水淀粉，翻炒均匀。14.一点点味精，提个鲜。15.倒入油条，关火，用锅铲将油条和丝瓜烩匀即可。,,,
生拌西葫芦,1.选择比较嫩的西葫芦（就是可以带皮吃的那种）一个，配料也简单，只需大蒜和干辣椒。2.西葫芦洗干净，连皮用擦子擦成细丝。3.擦好的西葫芦丝比切的要细长些。4.大蒜剁成蒜末，干辣椒切小段，码在西葫芦丝上。5.起锅烧热油，“呲啦”一声，淋在蒜末和干辣椒段上。6.调入一点点盐。7.一勺白醋，一点糖。8.找个盘子盖上，稍微捂一会，让油香充分吸收进蔬菜中，拌匀即可。,,,
西葫芦炒虾仁,1.准备食材，西葫芦切片，虾去头，去壳切丁备用。2.热锅放油，放入葱花和虾丁翻炒至虾变色。3.放入西葫芦片炒软。4.加入盐，花椒粉，鸡精翻炒均匀出锅。,,,
芝香椒油西葫芦,1.干红辣椒剪成小段，倒出辣椒籽不用；蒜切末。2.西葫芦从中间切开，再切薄的半月片。3.凉锅凉油放入干红辣椒和花椒。4.小火炸至辣辣呈红枣色夹出，油温继续加热，直至花椒糊了，关火，将花椒夹出弃之。5.锅里油再次烧开，放入蒜末炒香。6.放入炸好的辣椒。7.将西葫芦放入翻炒。8.加盐调味。9.将芝麻放入，翻炒均匀。10.中间留点地方，将适量醋烹入，翻炒匀即可。,,,
佛手瓜蘑菇炒鸡片,1.鸡肉切片用腌肉料拌匀，腌制一会。2.黑木耳提前泡发，洗净撕成小朵；蘑菇洗净切片。 佛手瓜洗净切片。3.热锅倒油，放入鸡肉，中火炒至变白先盛出待用。 锅中再下少许油，爆香蒜末。4.放入蘑菇先翻炒一会变软。 再下入黑木耳和佛手瓜继续翻炒至熟。5.最后把鸡片回锅，加入调味料，快速炒匀，即可出锅。,,,
炝拌佛手瓜,1.将佛手瓜对半切开，挖去中间乳白色的籽。2.顺长切薄片。3.将切好的薄片码放整齐，尽量切成细丝。4.拿一个大点儿的碗，放入佛手瓜丝，加入盐和鸡粉，稍微腌制两分钟。5.放入一根小米辣。6.锅内少许油加花椒，加热至冒烟，将热油浇在小米辣上。7.搅拌均匀，即可装盘了。,,,
佛手瓜鱿鱼干小排汤,1.排骨斩段，开水煮过后洗净备用；鱿鱼干洗净剪成粗条。2.将排骨，鱿鱼干，白胡椒粒，姜片，清水一起放入电压力锅中（水不要放太多）。3.待电压力锅完成工作后，把所有汤和汤料转入汤锅中。4.并加入去皮去核切块的佛手瓜，煲半小时左右，然后用适量盐调味即可。,,,
扁豆炒香肠,1.扁豆洗净、沥干水分。摘去两头和老经。2.香肠蒸熟切片。3.扁豆入热水焯一下，迅速捞出，沥干水分备用。4.准备葱姜末，大葱末，料汁：糖、盐、鸡精、白胡椒、少量淀粉用高汤调开。5.锅内热油，入扁豆快速煸炒一下捞出备用。6.入香肠片煸炒出油，倒出一部分油。7.加姜、蒜末翻炒出香，调入料酒。8.加入扁豆一起翻炒，然后调入料汁翻炒均匀。9.锅内汁收的差不多时，放入大葱末翻炒几下即可。,,,
排骨扁豆焖饭,1.剁好的排骨用清水泡1小时，去除血水，泡好的排骨洗净，滤干水分。2.用腌肉料（料酒 生抽 胡椒粉 芝麻油）将排骨腌制1小时。3.腌排骨的过程中，将扁豆拆洗干净，切成两段。4.准备好姜葱蒜末。5.米是提前准备好的，这个时候可以将电饭煲的煮饭键按下了，米和水的比例跟平时煮饭一样就可以了。另起炒锅里倒适量的油，油热后，将腌制好的排骨倒入，炒至变色，两面金黄，将炒好的排骨铲至一边，将豆瓣酱和姜葱蒜末倒入油中炒香。6.翻炒排骨。7.倒入扁豆，翻炒，再放适量的生抽、料酒、五香粉和花椒粉，迅速炒匀。8.将炒好的排骨倒入电饭煲内，搅匀一下，盖上锅盖，象平时煮饭一样煮熟即可。,,,
蚝油扁豆,1.扁豆摘除两头及豆筋，洗净，沥干水分。2.蒜头切片。3.炒锅烧热放油，放入扁豆，中小火煸炒，再放蒜煸香。4.待扁豆变色变软断生后，放适量蚝油、盐、少许清水，转大火快速翻炒入味即可。,,,
豌豆炒鸡丁,1.豌豆和鸡肉洗净；晾干。2.鸡肉切丁；蒜切碎。3.鸡肉放入盘中，放入生抽，料酒，胡椒粉，生粉。4.搅拌均匀，腌制十五分钟。5.热锅冷油，油烧热倒入鸡肉快速翻炒。6.炒至鸡胸肉全部变色放入大蒜炒香。7.倒入豌豆，继续翻炒。8.放入一勺剁椒翻炒均匀。9.加入少量的水；焖上一分钟。10.待水焖干，调入盐；鸡精，岀锅即可。,,,
水煮豌豆,1.豌豆去皮备用。2.坐锅加凉水，放入盐、八角、芘菠，花椒粒装入料盒下锅，烧开后再继续煮5分钟。3.5分钟后下豌豆、白果，煮3分钟关火；再锅中泡2分钟捞出。4.捞出控水装盘，挑出芘菠、花椒粒料盒、八角，留一八角做装饰。,,,
素炒三丁,1.胡萝卜去皮洗净切粒，玉米粒、豌豆洗净备用。2.锅中放适量的清水烧开后下适量的盐和油，放入胡萝卜粒焯水一分钟。3.放入玉米粒焯水半分钟。4.最后放入豌豆焯水半分钟。5.捞出过凉水沥干水分备用。6.锅中倒入适量的油烧热后放入所有的蔬菜丁翻炒片刻。7.加入适量的盐和鸡粉翻炒均匀即可关火。,,,
荷兰豆炒香肠,1.荷兰豆洗净掐去两头老的筋，腊肠斜切成片。2.锅里烧开水加一点盐和食用油把荷兰豆焯一分钟水。不要太久以免太老。3.锅中放食用油，先下香肠煸香，淋一点料酒，然后下荷兰豆翻炒。4.煸炒2—3分钟后加入鸡精和盐调味出锅即可。,,,
脆拌荷兰豆,1.荷兰豆摘蒂撕去筋，洗干净，用开水烫2分钟左右（不开火）。2.然后沥干水分并倒入冰水里面冰镇一会儿。3.把荷兰豆沥干备用。4.同时把生抽，糖，醋，香油，姜茸拌匀。5.把黑白芝麻稍微烘香。6.用调料和一部分黑白芝麻把荷兰豆拌匀。7.装盘，再把剩下的黑白芝麻撒在表面就好了,,,
菌香荷兰豆,1.备食材：香菇，荷兰豆，大蒜。2.香菇去蒂，切薄片；荷兰豆去掉两头的筋，洗净；大蒜拍末 。3.油热，将蒜末和香菇入锅翻炒 。4.待香菇半熟，倒入荷兰豆，调味：胡椒，糖，盐，鸡粉。炒至荷兰豆熟即可起锅装盘。,,,
干煸四季豆,1.四季豆去筋、去掉两头洗净，干辣椒、蒜。2.四季豆切寸段，干辣椒切结、蒜切粒。3.锅里水烧开后，倒入四季豆焯水2分钟。4.捞出控干水。5.锅里放油、倒入四季豆煸炒至表面呈虎皮状。6.盛入盘。7.锅里留油，加入干辣椒结、蒜粒爆香。8.倒入四季豆翻炒，加入白糖、生抽炒均匀。9.加盐、味精炒匀盛入盘即可。,,,
四季豆红椒炒鸡蛋,2.四季豆，红椒洗干净切菱形，鸡蛋打入碗里备用。3.锅里加水烧开放入盐，油。再到入四季豆煮熟。4.煮熟后倒出迅速冲凉。5.锅里放油倒入打散的鸡蛋液。6.再加入红辣椒翻炒。7.略炒后倒入四季豆翻炒，加入生抽，少许的盐翻炒均匀。8.略加翻炒后起锅即可。,,,
四季豆炒肉丝,1.四季豆摘洗干净，折成小段，沥干水份。2.瘦肉切条，用少许的蒜蓉、淀粉抓匀腌制一会。3.蒜头3大瓣切碎。4.起锅，放入多一点的油。5.8成热，放入四季豆不断翻炒。6.直至表皮变皱，捞出沥干油分。7.锅内留少许底油，放入瘦肉炒至变色后，放入蒜米炒香（喜欢吃辣的可以放点辣椒）。8.倒入四季豆翻炒，加入少许蚝油、盐翻炒。9.倒入少许水淀粉勾芡，少许味精调味翻炒均匀即可,,,
蒜蓉麻汁豇豆,1.备好蒜瓣，豇豆择好洗净。2.锅中入水，烧开后转中小火放入豇豆焯熟，新鲜的嫩豇豆大约需要三分钟左右。.利用焯豇豆的时间，将蒜瓣切作蒜蓉，分成两等份：一份调入芝麻酱、味极鲜、凉拌汁、辣椒油、香醋、香油和适量的盐兑成酱汁，由于芝麻酱过于浓稠需要加点儿凉白开稀释；另一份备用。4.焯熟的豇豆捞出晾凉后，切成等长的小段摆放盘中。5.淋上搅拌均匀的芝麻酱汁，撒上蒜蓉，很方便的一道绿色小菜。,,,
凉拌酸辣豆角,1.豇豆切段。2.姜蒜泡椒切碎。3.豇豆倒入沸水中煮熟。4.将煮熟的豇豆过两次冷水沥干水分。5.准备较大的盆倒入豇豆，姜蒜辣椒碎。6.锅内倒少许油烧全熟。7.姜蒜辣椒碎上淋上熟油。8.依次放入辣椒油，花椒油，香油，藤椒油，生抽，醋，盐，鸡精，砂糖。9.拌匀即可装盘。,,,
豇豆炒里脊肉,1.把豇豆洗净切成段，里脊切条，用淀粉料酒腌制片刻。2.大蒜切片，红椒切丝备用。3.炒锅倒油，油热倒入里脊翻炒，炒至变色。4.盛出备用。5.炒锅倒油，放蒜片炒出香味，放豇豆煸炒，倒少量水焖片刻。6.倒入炒好的肉丝。7.放盐和红辣椒丝翻炒均匀即可出锅。,,,
五香水煮蚕豆,1.将蚕豆洗净后放入锅内，加两碗水漫过蚕豆。2.加入所有配料。3.加入半勺的食盐。4.所有调料放好后盖上锅盖煮至水变干。5.不揭开盖子焖一会让蚕豆更好的入味。,,,
蚕豆炒酸菜,1.蚕豆剥出豆肉，撒少许盐腌一下。2.坐锅烧油先下蒜末炝出香味，随后倒入蚕豆大火煸炒，接着下酸菜一起翻炒，喷少许水焖一下。3.最后加红椒翻炒入味，撒少许味精拌匀就可以了。,,,
葱油蚕豆,1.葱洗净后切成段沥干。2.锅内倒入半没过葱的油烧热，倒入葱段。3.中大火熬并不断搅拌。4.葱段慢慢变黄的时候，转小火，以免糊锅。5.熬至葱段彻底变黄，葱油即熬好。6.锅内多留些葱油，倒入蚕豆不断翻炒，炒至蚕豆基本爆开。（这一步很重要，蚕豆要裂开才能更好的入味）7.加入少许水，盐和糖煮10分钟左右至蚕豆彻底入味。（煮的时候也不要太长，只要蚕豆入味就可以了，时间太长蚕豆的壳和肉就完全分离了）。8.出锅前撒入葱花炒匀即可出锅。,,,
咸菜肉丝炒毛豆,1.毛豆洗净沥干；猪肉切细丝，以少许料酒，盐，生粉拌匀腌制15分钟左右。2.咸菜洗净，挤干水分后切碎丁；红辣椒去籽，洗净切丁。3.炒锅中加入少量食用油烧热后，下肉丝滑炒至变色，盛出备用。4.炒锅中添加适量油烧热之后，下红辣椒丁，咸菜翻炒片刻后，下毛豆翻炒（可添加适量清水）。5.下肉丝炒匀，加盐，白糖调味即可出锅。,,,
冰镇香糟毛豆,1.毛豆反复搓洗干净之后，用剪刀将毛豆稍扁的一头剪掉，形成一个小口，以便在之后浸泡时入味。2.锅中放清水（水量能漫过毛豆）煮沸后倒入剪好的毛豆，不加锅盖，以最小火再煮10分钟左右（可以尝尝，根据自己喜欢的软硬程度调整时间）。3.煮好的毛豆捞出，立即放入冷开水中漂凉。这时水的温度会变高，倒出温水，再倒入新的凉开水，直到毛豆的温度彻底冷却下来（这一步是为了保持毛豆碧绿的色泽，如果不在意的话，自然晾凉也可以）。4.捞出毛豆沥干水分之后放入容器中，然后将糟卤倒入，盖上盖子，放入冰箱冷藏4个小时后就可以享用了，超过12小时会更入味。,,,
肉末毛豆炒香干,1.五香豆干切成细丁，红椒切成小圈，猪肉切小丁。2.锅内烧开水，放入毛豆煮至水开捞起沥净水备用。3.锅内热少许油，放入猪肉订小火煸炒至出油。4.加入豆干丁，及红椒圈炒出香味。5.加入烫过的毛豆，及所有调味料。6.再翻炒至毛豆的水份收干即可。,,,
彩椒吵藕丁,1.备用食材，莲藕洗净切成丁，彩椒切成丁，蒜切末，葱白切末。2.油烧热，加蒜末，葱白爆香后，倒入彩椒翻炒至断生盛出备用。3.油烧热加姜末，葱白爆香，倒入莲藕丁大火快炒。4.藕丁炒好后，倒入彩椒，加适量盐，鸡精粉翻炒均匀就可以出锅装盘了。,,,
彩椒杏鲍菇,1.杏鲍菇洗干净切块备用。2.胡萝卜洗干净切块。3.彩椒洗干净切块备用。4.葱花备好。5.耗油和味极鲜加少许水搅拌均匀。6.热锅凉油放入葱花。7.先把材料放进去翻炒一会。8.随后加入杏鲍菇翻炒一会。9.倒入备好的耗油和味极鲜。10.加入胡萝卜！放入适量的盐翻炒一会就可以喽。,,,
彩椒鸡胸肉,1.彩椒切三角形块。2.鸡胸肉切片，用，盐，生抽，生粉调味腌制（这个可以马上炒）。3.热油锅下鸡胸肉翻炒差不多熟起锅。4.热油锅下彩椒翻炒至差不多熟放盐调味。5.然后加入鸡胸肉回锅翻炒均匀加鸡精出锅。,,,
拔丝红薯,1.红薯去皮切块沥干水份备用，锅中下色拉油烧热。2.油烧到六成热时下红薯块不断翻炒。3.炸至两黄金黄时沥油捞出备用。4.锅中留底油。5.加入白糖。6.用铲子不断的搅拌。7.至糖炒化并变成深色至起泡。8.下入红薯块快速翻炒。9.至糖液均匀的包裹住红薯即可。,,,
红薯炒大蒜叶,1.红薯去皮洗净切粗丝，洗去淀粉待用。2.大蒜冼净切寸段，蒜白、蒜叶分开。3.热锅冷油倒入山芋丝和大蒜白翻炒。4.沿锅边倒少许水继续翻炒。5.放少许盐、糖、生抽、鸡精、大蒜叶炒至蒜叶软，出锅即可。,,,
炒红薯丁,1.红薯、胡萝卜去皮切丁，青豆提前煮熟。2.炒锅烧热放油，先炒胡萝卜和红薯，炒软了再放青豆，加盐再翻炒一会儿即可。,,,
紫薯糖水,1.紫薯去皮洗净，切小块；并把姜去皮洗净，拍裂。2.把水烧沸，放入紫薯和姜块。3.紫薯八成熟时放入黄糖。4.直至黄糖完全融化裝碗即可。,,,
奶香紫薯馅,1.紫薯洗净去皮切片。2.锅加水放屉子，将紫薯倒入屉子上。3.开大火蒸15分钟关火。4.将紫薯放在大点的碗里，用勺子趁热按成泥，立刻加入一勺糖粉。5.加入一大勺奶粉。6.戴上一次性手套将奶粉糖粉紫薯拌匀。7.最后将紫薯泥依次搓成差不多大小的球状摆放盘里，搓的时候少许抹点油。就这样奶香紫薯馅就做好了。,,,
紫薯芝麻饼,1.紫薯洗净，削皮。先削皮再蒸紫薯，可使紫薯的口感更甘爽，而且也更容易蒸熟。2.紫薯上锅蒸，大火蒸30分钟左右就可以了。3.蒸至紫薯开花，里面就蒸透蒸熟了。4.将蒸熟的紫薯，压成泥状，一定要压的细腻一些，这样吃起来口感才更加细腻。5.放入白糖，白糖的用量可依据自己口味酌情添加。6.加入糯米粉（家里没糯米粉的，可用面粉代替）。7.这时候的紫薯泥是干干的，再倒入牛奶，可使紫薯泥瞬间变的软糯，由于糯米的添加，紫薯泥变的有粘性，不松散。8.用手将紫薯泥揉匀。9.将紫薯泥团成一个个小圆球。10.滚动烤盘，使紫薯球均匀的蘸上芝麻。11.用手依次将紫薯球压成紫薯饼（先团成圆球蘸上芝麻，再压成紫薯饼，可使紫薯饼更均匀的蘸上芝麻）。12.将紫薯饼放入烤箱，上下火160度，烤制15分钟，香甜软糯的紫薯饼就做好了（家中没有烤箱的用饼铛或者平底锅放少许油，小火煎熟也可以）,,,
油焖茭白,1.将茭白提前洗净控干水份如图切成滚刀块备用。2.准备好生姜片 冰糖 生抽。3.锅里放入适量的油烧热后中火放入茭白开始炸。4.炸至茭白浅金黄色表面起皱即可关火捞出控油。5.将炸茭白的油倒进耐热的容器里 锅里留少许底油放入生姜片开小火煸一下。6.接着放入适量的盐炒香。7.在加入提前准备好的生抽。8.随后放入水再将控好油的茭白放入锅里。9.放入冰糖翻动一下盖上锅盖中火将汤汁收干即可。,,,
茭白肉丝,1.茭白削掉皮洗净。2.把底部老的部位削掉切丝备用。3.青椒切丝，姜切丝。4.瘦肉切丝，用干淀粉滑一下。5.开火烧开水烫一下茭白丝马上捞出来控水。6.锅里倒十五克的油烧热放姜丝炒香。7.放青椒丝炒均匀。8.同时令起锅滑肉丝，变白了就可以了，在倒入锅里。9.茭白也同时放入翻炒均匀，加盐，味精出锅了,,,
河虾炒茭白,1.河虾，茭白洗净。2.虾沥干水分。3.茭白洗净去皮刨丝。4.锅里下油。5.油锅8分热时倒入河虾煸炒至完全变色。6.倒入茭白丝一起煸炒3分钟。7.加入辣椒继续煸炒几下。8.加入水和酱油煮2~3分钟。9.出锅撒葱花放鸡精即可。,,,
农家蒸芋头,1.先把芋头洗净。2.再把芋头放入锅内煮15～20分钟(这样剥皮容易些，手也不会痒)。3.把火腿肉切粒，葱洗净切粒。4.煮好的芋头等凉些剥皮，装在碗里面(芋头大了改刀)。5.把切好的腊肉粒撒在芋头上，依次撒上剁椒。6.上锅蒸(大火烧开改小火蒸30分钟 ，用筷子戳软烂即可)。7.起锅淋适量的生抽，撒上葱花即可,,,
炒芋头丝,1.芋头洗净削皮。2.备料五花肉，芋头，辣椒洗净切丝葱切段，蒜瓣切粒(切好的芋头丝放入水中冲洗一下沥干水)。3.热锅凉油下入五花肉炒出油。4.在下入蒜粒，芋头丝翻炒一分钟。5.在下入红辣椒丝，撒上适量的盐，淋少许水再翻炒一分钟。6.最后撒上葱段，淋少许生抽盛盘即可。,,,
芋头烧排骨,1.李锦记秘制红烧汁和天成一味酱油的使用比例是3：7，即3份红烧汁，7份酱油。2.排骨用冷水焯过洗净沥干。3.中火起锅下油，把姜片和排骨煸炒一下。4.加入李锦记秘制红烧汁和天成一味酱油翻炒两分钟。5.加沒过排骨两倍的水大火烧开，转小火加盖烧45分钟。6.现在来处理芋头，取一大些的菜盆，加些盐和水，戴上胶手套，用钢丝球擦去芋头皮。然后洗净备用。7.排骨煮45分钟差不多酥烂了，放入芋头。8.转中火加盖将芋头烧透，差不多二十至三十分钟。9.然后大火收汁装盘。10.点缀葱花上桌。,,,
香辣藕丁,1.藕去皮待用。2.藕切成丁。3.小料：蒜瓣，干辣椒；辣椒酱。4.油锅热油，小料入锅煸炒至香味。5.藕丁入锅翻炒。6.加入适量生抽，白糖，盐，鸡精调味。7.水淀粉勾芡，淋油出锅。,,,
桂花糯米莲藕,1.莲藕洗净待用。2.去皮.从中间关节处切开.取一节把头切开.漏出莲藕中间洞洞部分。3.糯米提前泡一夜。4.泡好的糯米装入莲藕节中。5.一定要塞实。6.取切掉的莲藕头.用牙签固定好。7.高压锅内放水加入一包红糖.一大块老冰糖。8.煮沸加入干桂花。9.放入装好糯米的莲藕节.一定要固定紧.不然煮的过程中米会洒出来.水要没过莲藕.高压锅上气后20分钟。10.用筷子扎一下莲藕.一下能扎透就说明已经可以了.去掉牙签。11.切片装盘.淋入蜂蜜.撒上些干桂花。,,,
莲藕炖排骨,"1.将莲藕去皮洗干净。2.莲藕切成块放入容器里用清水泡着。3.姜切成末，葱切成小段，葱白和青葱段分开放。4.排骨剁成小段，洗干净备用。5.炒锅中添凉水，放入排骨，倒入料酒，开大火，水烧开后炤两分钟，炤排骨的同时汤锅里也添半锅水烧开。6.将炤好的排骨捞出来放入汤锅中，然后放入葱白和姜末，还有十三香。7.从容器里捞出莲藕放入汤锅中，盖上锅盖，锅滚起来后转小火慢炖一小时。8.将炖好的莲藕排骨汤放入香油,盐和鸡精，进行调味。9.盛出来后放入青葱段，美美的一碗莲藕排骨汤就可以端上桌了。",,,
凉拌白萝卜丝,1.萝卜清洗干净切成丝。2.切完所有的萝卜放碗里。3.把姜丝、蒜末、小米椒丁、香菜末等佐料准备好。4.切好的佐料放在萝卜丝上面，同时添加盐，生抽，胡椒粉，花椒油，芝麻油，橄榄油，白糖，辣椒油。5.所有调料以及佐料添加完，用筷子拌匀就可以装盘。,,,
清炒白萝卜丝,1.白萝卜洗净干净去皮从中间切断。2.将白萝卜切成薄片，再切成细丝。3.切完整后的白萝卜丝。4.辣椒冲洗干净切成和白萝卜丝均等的丝，姜也切成丝备用。葱花切碎。5.炒锅置油烧至3层热放入姜丝炒出香味。6.放入辣椒翻炒片刻。7.放入白萝卜丝大火翻炒至熟，起锅前放入葱花，盐，味精即可。,,,
萝卜骨头汤,1.萝卜削皮洗净，骨头和葱洗净。2.骨头焯水后，控干水。3.胡卜切滚刀块，姜切片，葱切碎，枸杞泡软。4.把骨头放入高压锅，盖好盖子，压上二十分钟，然后关火。5.待减压阀落下，放入萝卜，中火再压五分钟。6.待减压阀再次落下，调入鸡精，盐和胡椒粉岀锅，最后撒上枸杞和葱花即可。,,,
酸辣胡萝卜丝,1.胡萝卜洗干净去皮，小葱，朝天椒，蒜瓣，香菜洗干净备用。2.用大点的容器，用切菜器将胡萝卜擦丝。3.萝卜丝上撒适量的盐，并拌均匀！稍微腌制两分钟。4.切好蒜片，朝天椒，葱花，香菜待用。5.腌好的萝卜丝上撒上葱花，朝天椒，蒜片。6.撒上鸡精，辣椒粉，因为萝卜已经有盐，现在就不用放盐咯。7.炒锅热上菜籽油。8.将热油泼向撒好的调料上，再加入蚝油，花椒油，生抽，米醋，并撒上切好的香菜即可！,,,
胡萝卜炒大蒜叶,1.把胡萝卜洗干净后切成丝。2.把大蒜叶洗干净后切段。3.热锅起油，倒入胡萝卜翻炒均匀。4.炒到胡萝卜回软后洒入盐，放入大蒜叶。5.把大蒜叶和胡萝卜翻炒均匀后再洒入鸡精调味即可出锅。,,,
鱼香胡萝卜丝,1.胡萝卜洗净，去掉两头。2.切细丝。3.准备好泡椒青椒，葱姜蒜。4.葱姜蒜泡椒切粒，青椒切丝。5.泡椒青椒放于小的调料碗中。取一稍大点的碗，放入切好的葱姜蒜，加糖、醋、、生抽、淀粉、鸡精和适量的水搅拌均匀成调味汁。6.锅里放适量油，至七成热时，下入胡萝卜丝煸炒。7.至胡萝卜变软，亮油时盛出备用。8.锅中放适量油，下入花椒泡辣椒一起炒至出香味。9.将调味汁倒入锅中，烧至浓稠。10.下胡萝卜丝搅拌均匀。11.最后下青椒和匀即可。12.几下子翻匀后马上关火装盘。,,,
孜然土豆片,1.调料准备好。生姜大蒜切碎，葱切葱花备用。2.大土豆两个刨皮洗净。3.切薄片不需要洗了。4.热锅，放适量盐。5.把盐炒散油开始冒烟。6.下土豆片，不停'的炒动，让每一片土豆片都能受热煎成金黄色。7.这个颜色了就可以加所有的调料了（葱花先不放）。8.再炒两分钟就可以了。9.装盘撒上葱花，还可以再撒点辣米好看。,,,
咖喱土豆鸡块,1.准备所需食材:鸡胸、土豆、胡萝卜和洋葱切丁。2.锅中放适量油烧热后，放入鸡丁翻炒至发白断生。3.再放入土豆翻炒几下。4.最后放入洋葱和胡萝卜翻炒均匀。5.添入一大碗清水，大火煮开后改中小火炖煮至食材软烂。6.待锅内汤汁减少时改小火放入咖喱块，翻拌至咖哩块融化。7.翻炒均匀至汤汁粘稠即可。,,,
青椒土豆丝,1.青椒、红椒去籽洗净，土豆削皮洗净，蒜。2.青椒、红椒、土豆均切丝，蒜切粒。3.土豆用清水泡去多余的淀粉。4.捞出控干。5.锅里放适量油烧热、放入蒜粒爆香。6.倒入土豆丝、青椒丝、红椒丝翻炒。7.加入胡椒粉、白糖炒匀。8.加入盐、味精炒匀盛盘即可。,,,
清炒莴笋丝,1.莴笋去皮洗净。2.切成长短一致的节、还有胡萝卜。3.切成薄片再切成细丝。4.放入漏筛中、加入半勺盐、抓匀腌制十分钟。5.锅中倒入适量油、七成热、放入蒜、姜粒炒香。6.下入莴笋丝翻炒至断生、（不用挤水）。7.下入胡萝卜丝炒匀即可。,,,
葱油莴笋丝,1.莴笋去皮洗净切丝。2.切好后，撒上适量盐，拌匀腌制三十分钟。3.腌好的莴笋丝，挤去水分。4.红辣椒洋葱切丝，葱切段。5.锅中加油，油热后，放入葱段和洋葱丝，小火慢炸至黄色，沥去葱渣，盛出葱油备用。6.白醋、少量盐、白糖和少量凉开水调成汁。7.红椒丝放在莴笋上，倒上调好的汁水，淋上葱油，搅拌均匀即可.,,,
莴笋拌木耳,1.准备食材，木耳提前用温水泡发，莴笋削去皮用清水冲洗一下。2.木耳泡发好撕成小朵，锅里烧开水煮一两分钟捞出备用。3.莴笋削去皮切成段，在改刀切片。4.切片后放碗里撒五克盐搅拌均匀，腌制十分钟左右。5.腌制好后比去盐水，把莴笋片两头对折在盘子周围摆一圈，中间放入黑木耳，葱花，干辣椒圈。6.拿一小碗，里面放入三小勺醋，两勺生抽，一勺花椒油，少许糖，少许鸡汁和少许香油。(不用放盐因为莴笋是用盐腌过的)。7.汁调好后，锅里放适量油油温烧到七成热的时候泼在莴笋木耳上，锅里留少量油把调好的汁倒进锅里炝一下，然后再把汁浇上去搅拌均匀就可以开吃了。,,,
油焖春笋,1.将竹笋和小米椒洗净。2.将笋切好，放入锅中加入适量的清水煮开，焯一下，捞出用凉水冲一下，沥干备用。3.将小米椒切好。4.准备好葱花。5.将锅洗净，烧干，倒入适量的食用油烧热。6.将笋倒入锅中爆炒。7.待笋炒的的有点蔫了，将小米椒倒入锅中翻炒片刻。8.加入适量的盐和1-2滴蚝油，倒一点水，翻炒均匀，入味即可收干汤汁。9.装盘，洒上葱花即可。,,,
鲜笋香菇,1.香菇温水泡发。2.笋切片。3.锅内倒适量油，烧至六七成热放入笋片煸炒。4.再放入香菇、调入适量酱油、一小勺糖翻炒。5.倒入泡香菇的水大火烧开后转小火焖煮5分钟左右至汤汁收至合适的程度淋香油，即可装盘。,,,
竹笋鸡汤,1.竹笋切厚片，焯水后备用。2.鸡剁块，洗净血水，备用。3.锅烧热，倒入少量食用油。油烧至略冒烟时倒入洗净的鸡块，快速翻炒至表皮金黄，控油后盛出。4.另起砂锅，倒入炒好的鸡块，放入姜片，加足量水，大火烧开，倒入焯水后的竹笋，再大火烧开，转小火慢炖，1.5-2小时，鸡肉软烂即可。5.炖1小时后放入少量白胡椒粉和适量食盐即可。,,,
红烧冬瓜,1.冬瓜去皮洗净，菜洗净。2.冬瓜切小块，姜蒜切碎，青蒜切小段，猪肉切块（猪肉肥瘦分开）。3.锅中放少量菜油再放入肥肉炒出油。4.肥肉油炒出来后放姜蒜爆香，料酒去腥。5.倒入冬瓜翻炒两分钟。6.放蒜蓉辣酱炒匀。7.放盐和老抽继续炒至上色。8.放半碗水焖冬瓜。9.焖至汤汁快干放鸡精和蒜翻炒均匀出锅。,,,
川味冬瓜烧肉,1.冬瓜、猪肉洗净切1cm不到见方小块，肉块入淀粉、盐腌制待用。2.锅入油烧热入豆瓣略炒至油红出香，入冬瓜大火翻炒至冬瓜上色，倒入肉块略炒加入清水烧之。3.烧至水沸入生抽、冰糖继续中小火烧至冬瓜成熟水汽渐收就好啦。,,,
肉末冬瓜,1.肉末加少许盐，生粉，酱油腌几分钟。2.冬瓜切片摆盘。3.锅烧热后放油，爆香姜片，肉末入锅炒香。4.关火将炒好的肉末放在冬瓜盘里。5.锅里加水烧开上汽后将冬瓜盘入锅蒸10—15分钟左右（如果量多，冬瓜切的太厚就多蒸几分钟）。6.出锅淋点蒸鱼豉油，撒葱花即可。,,,
爆炒黄豆芽,1.黄豆芽去掉根洗净，红椒洗净。2.红椒切丝，蒜切粒，干红椒切开。3.锅中倒入西王玉米胚芽油烧温，放干红椒和蒜爆香。4.倒入黄豆芽和红椒翻炒。5.炒至豆芽发软放入盐和生抽炒匀。6.放鸡精调味出锅.,,,
凉拌黄豆芽,1.准备食材，洗干净（豆芽最好掐掉根须，去掉豆皮）。2.锅中烧开水，将黄豆芽焯烫透。3.捞入冷水中过凉。4.捞出，沥干水分备用。5.切蒜末、葱丝，香菜切段。6.把以上食物都放入大一点的容器中，加两勺味极鲜、两勺香醋、适量糖和一勺香油。7.加入盐和鸡精。8.再撒上辣椒粉和白芝麻，烧一茶匙热油浇在上面，激出香味。9.戴上一次性手套抓匀，即可,,,
黄豆芽炒粉丝,1.黄豆芽把皮冲洗干净。2.粉丝用热水泡好捞出来。3.葱姜适量。4.黄豆芽用热水焯开锅后3分钟！捞出来控水。5.锅内加入适量的油热后放入葱姜。6.把黄豆芽放进去翻炒。7.加入适量的耗油。8.翻炒均匀后加入适量的水烧开。9.把粉丝放进去，小火慢慢煮大约10分钟左右！尝尝黄豆熟了没有！不熟再继续煮5分钟。10.出锅放入少许鸡精即可。,,,
清炒绿豆芽,1.绿豆芽去跟清洗干净。2.然后沥干水备用。3.把韭菜摘好洗净然后切寸段。4.锅中放入适量油，锅热以后把豆芽放去炒。5.加入适量盐，大火快速翻炒。6.然后把韭菜和红辣椒末放进去炒熟即可。,,,
双椒绿豆芽,1.绿豆芽用盐水泡十五分钟。2.青红辣椒洗净把辣椒籽掏出来。3.辣椒切丝，葱切末，大蒜切碎。4.绿豆芽沥干水。5.热锅倒油。6.加入大蒜碎。7.接着给青红辣椒炒匀。8.加入绿豆芽大火快速炒匀。9.加盐和味精炒匀，撒上葱末即可。,,,
绿豆芽炒豆干,1.准备好食材，豆芽去根，豆干和青红椒切条。2.炒锅烧热倒油，放蒜片爆锅，倒绿豆芽翻炒片刻，倒豆干，青红椒翻炒，出锅前放少许盐，出锅。,,,
夜开花烧面筋,1.黑木耳洗净泡发。2.把黑木耳放入开水锅中焯一下捞出沥干水分。3.锅中油热，放入胡萝卜爆炒一下捞出。4.放入夜开花翻炒。5.加入黑木耳和面筋和适量开水。6.煮开后淋入鸡汁。7.加入适量精盐翻炒。8.最后倒入胡萝卜翻炒均匀即可。,,,
开洋夜开花粉丝汤,1.开洋入水泡软。2.将夜开花去皮清洗一下。3.放在案板上切成片。4.烧锅倒油烧热，下入切好的夜开花和泡好的开洋翻炒一下。5.接着，合入粉丝，加入一些清水煮开至熟。6.然后，加适量的生抽。7.加适量的盐。8.调味翻匀，即成。,,,
清炒夜开花,1.夜开花去皮切片，其它配料切好待用。2.锅内油烧热，倒入葱花、西红柿、花椒。3.放入夜开花翻炒，加入适量盐、味极鲜、醋。4.炒至熟，放入青椒、蒜碎。5.撒入鸡精即可出锅.,,,
蒜蓉秋葵,1.秋葵洗干净去蒂，烧一锅开水滴入几滴植物油，放小半勺盐，秋葵入锅烫一两分钟捞出装盘。2.备好蒜蓉，适量酱油，盐，白糖加少量清水搅拌成料汁。热锅放油，爆香蒜蓉，倒入料汁炒香。3.将料汁淋在装盘的秋葵上即可。,,,
秋葵炒鸡丁,1.将鸡胸肉切丁，加黑胡椒粉、料酒和淀粉抓匀，放在一边腌二十分钟。2.秋葵洗净，用少许盐在秋葵表面揉搓，去除表面绒毛。3.秋葵切去蒂部并切丁。4.锅内倒橄榄油加至五成热，放入腌制好的鸡丁，中火翻炒至变色。5.锅中加入秋葵丁翻炒。6.加入一茶匙盐。7.锅中倒入两茶匙生抽。8.再加一茶匙辣椒酱（这个可选，个人喜好）翻炒均匀，直至原料熟即可。,,,
秋葵炒肉,1.准备食材，秋葵洗净去蒂，猪肉切薄片。2.红辣椒和姜切小片，葱切葱花。3.肉片中放入生抽、料酒和淀粉腌制十分钟。4.锅中烧开水放入秋葵焯至颜色变深，捞出过凉水。5.把秋葵切斜片。6.锅中放适量油烧热后，放入肉片翻炒变色。7.加入姜片和葱花炒出香味。8.把秋葵和红辣椒一起放入锅中快速翻炒。9.调入适量的盐和鸡精。10.翻炒均匀即可出锅。,,,
素炒山药,1.山药去皮，切成菱形，泡入清水中。2.青红椒切片备用。3.黑木耳泡发去蒂备用。4.炒锅倒油，油热后放蒜片炒香，放入山药片翻炒。5.倒入青红椒黑木耳继续翻炒。6.出锅前撒入适量食盐，出锅装盘,,,
蜜汁蓝莓山药,1.山药去皮，洗净，切成小段。2.锅中水烧开，然后将山药放进锅里煮，大约煮5分钟。3.将山药捞出，放在凉水里。4.码在盘子里。5.取一个小碗，放一勺蜂蜜，两勺蓝莓酱。6.加入两勺开水调成酱汁。7.最后将酱汁淋在山药上，即成。,,,
山药排骨汤,1.把排骨沸水后洗净沥干 备用。2.把排骨和适量的水、姜一起煮滚然后转小火熬45 分钟。3.准备山药、洗净切片。4.45 分钟后，把山药放入锅中一起煮15 分钟。5.最后把枸杞放入煮3 分钟既成。,,,
马蹄小炒,1.胡萝卜清洗干净后切片。2.用剪刀剪出花形。3.依次剪好备用。4.豆角清洗干净后切小段。5.马蹄清洗干净后去皮备用。6.切薄片。7.把木耳提前浸泡一刻钟。8.烧开水后倒入胡萝卜和豆角焯一分半钟，适当加生油和盐提亮调味。9.热锅倒入油，下葱花炒香。10.捞出豆角和胡萝卜倒入油锅煸炒1分半钟。11.倒入泡发好的木耳，翻炒半分钟。12.倒入马蹄片翻炒片刻。13.最后快出锅时撒上盐和糖调味即可。,,,
桂花马蹄糖水,1.材料桂花、马蹄、冰糖。2.马蹄去皮剁碎或用搅拌机搅碎。3.碗里加入温水、桂花放入过滤器中、放在温水里清洗。4.锅里加入适量清水、放剁碎的马蹄、不用盖锅盖大火烧开、小火煮两三分钟、煮至马蹄变晶莹剔透。5.放冰糖、煮至冰糖溶化、即可出锅。6.撒上桂花、成品。,,,
梨藕马蹄汤,1.将莲藕一大节和山药半根去皮切小块，雪梨切块，荸荠（马蹄）去皮。2.将莲藕、山药和荸荠放入锅中，加适量的清水，大火烧开后转小火煮半小时后加入雪梨再煮10分钟。3.出锅前调入适量食盐即可。,,,
慈菇烧肉,1.五花肉切块，茨菰削皮洗净切成块。2.锅加油放入白糖烧热至慢慢融化后，加入五花肉翻炒至肉变白，再加入老抽炒片刻。3.锅内加入清水，放入八角、葱姜、盐。4.水沸腾后煮十分钟，放入茨菰，转小火。5.大约30分钟后转大火收汁，完成。,,,
青椒慈菇炒肉片,1.青椒洗净剁碎，慈姑洗净切片。2.猪肉切片调入生抽、盐、淀粉、少许清水腌制待用。3.锅入油烧热，入青椒略炒出香。4.然后入慈姑、盐翻炒至慈姑半熟。5.最后入肉片继续至肉片成熟就可以了。,,,
干烧慈菇冬笋,1.将冬笋切成块状，如使用罐装笋，则切好后要入滚水中煮至少2-3分钟，以去除多余的罐头酸味。2.慈菇切滚刀块，也入滚水中煮熟，慈菇很容易熟别煮过头，大约1分钟，视原料大小块决定。3.葱姜蒜切细。4.炒锅里放入少许油，将烫好的冬笋煎成皮有些发皱。5.有些金黄色的时候加入郫县豆瓣酱。6.炒出红油后加入葱姜蒜末。7.炒香后加入花雕酒，生抽，糖，水或汤，调好味道，加盖焖煮5分钟左右。8.再下入烫熟的慈菇一起烧。9.烧至汤汁浓稠，淋麻油就可以起锅了，可撒一些葱花和白芝麻。,,,
板栗炖鸡,1.鸡块洗净沥干备用，葱切段，姜切片备用。2.锅中倒油，放入郫县豆瓣酱与其融合。3.鸡块倒入锅内，翻炒1分钟。（鸡腿提前切块反复浸泡血水。）4.放入姜片，葱段。5.倒入白糖翻炒入味。6.倒入板栗翻炒片刻后，沥油换一口密封好的锅子。7.倒入花雕。8.倒入红烧汁，翻炒上色。9.锅开盖盖儿转小火炖一刻钟。10.最后撒盐大火收汁即可。,,,
板栗烧肉,1.五花肉洗净切块。2.耗油料酒老抽兑好料汁。3.锅中倒入适量的油，油热放入花椒粉。4.放入五花肉炒匀。5.加入酱汁。6.翻炒均匀，让颜色上匀。7.加入葱姜蒜继续翻炒均匀。8.加入适量的水，水开后改小火炖半小时左右。9.加入栗子和适量的盐，转中火炖煮，最后收汁即可,,,
板栗焖鸭,1.栗子去壳和皮，鸭翅砍块，姜蒜切碎，蕃茄沙司，盐，糖，生粉加少量水调成稀糊状。2.热锅，放少许油，姜炒出香味后放入鸭翅两面微煎，放入蒜，料酒，翻炒出香味，放入栗子，加入生抽，老抽，一碗半清水，大火烧开转小火焖至汤汁浓稠，将之前调好的蕃茄酱倒入收汁粘稠即可。3.装碟撒上葱花,,,
蚝油草菇,1.草菇洗干净，去掉表面的脏东西，对半切开。2.黄瓜切丝、红椒切丝、葱白切丝。3.烧开水，放入几滴油，放入草菇，再次烧开后即可捞出草菇。4.热锅，放入少许油，略煎一下姜片后倒入草菇。5.草菇炒均匀后，倒入1.5汤匙蚝油，这个量比较适中，重口味的可能要放2汤匙。6.炒均匀至蚝油粘裹到每一粒草菇即可装盘。7.装盘后，切撒少许葱白丝，黄瓜丝，红椒丝装饰一下即可。,,,
草菇芦笋炒牛肉,1.牛肉逆纹切片，加入适量盐，糖，生抽，姜粉，生粉，油抓匀入味。2.草菇切半开水焯一下，芦笋斜切厚片，胡萝卜切薄片。3.热火凉油滑入牛肉快速炒散，变色即可盛出。4.用锅里剩下的油大火炒香姜蒜，放入胡萝卜，翻炒片刻加入草菇和芦笋继续翻炒，加适量盐，炒匀后加入牛肉翻炒片刻，加入少许调在一起的生抽和蚝油，翻炒均匀即可出锅。,,,
草菇虾仁,1.笋子、红椒切丁。2.草菇洗净切片。3.对虾剥去壳去头，洗净沥水加黄酒、葱姜末、糖、盐、淀粉拌匀。4.炒锅入油放入虾仁滑炒待变红色时装出。5.炒锅入油，倒入葱姜煸香后入笋丁、草菇、红椒翻炒。6.再加入炒好的虾仁，放盐、少糖加入香菜叶起锅。,,,
平菇肉片,1.平菇撕开成大块，浸泡洗净。2.锅中加入适量水烧开下平菇焯熟捞出沥干。3.五花肉切片，葱姜蒜切末，胡萝卜，青椒切片。4.锅中加入适量油下五花肉煸炒出油。5.加入葱姜蒜末，十三香，胡萝卜，青椒片炒香。6.下入平菇翻炒匀，加入少许盐，糖，蚝油，生抽调味，淋入水淀粉勾芡即可出锅。,,,
平菇小白菜,1.备好图中食材。平菇撕成小片洗净、再挤干水，小白菜、蒜洗净。2.蒜切片。3.锅里放油烧热，加入蒜片爆香。4.倒入平菇、小白菜翻炒。5.加白糖炒匀。6.加盐、鸡精炒匀。7.盛出装入盘，即食。,,,
平菇鸡蛋,1.平菇买回来洗干净，把水挤干。2.葱切成葱段，蒜切片。3.锅里倒入适量的油烧热。4.把打散的蛋液倒进去炒发，炒发后盛出。5.锅里留少许油放入蒜片煸香。6.倒入平菇翻炒。7.平菇变软后倒入鸡蛋，用铲子把鸡蛋铲成块。8.放入盐和鸡精翻炒。9.最后放入葱段，翻炒均匀就可以出锅了。,,,
香菇酿肉,1.新鲜香菇冲洗干净砂子，再放盐水里浸泡十分钟左右以去除残留。2.洗净的香菇去除根蒂。备用。3.猪肉洗净剁成肉末。香菇根蒂切成末。.4.猪肉末和香菇根蒂末都放入碗中混合成肉馅。5.加一勺食盐，半勺味精，半勺白糖，一勺料酒，一勺胡椒粉，两勺淀粉，一勺生抽。6.调料和肉馅混合，顺着一个方向搅拌均匀。腌制十分钟左右。7.将搅拌腌制好的肉末均匀的填入香菇朵里。8.再在填好肉馅的香菇上撒上一些白芝麻。9.所有香菇朵都填满肉馅，撒上白芝麻，摆放在盘子里。10.给盘子盖上一层保鲜膜。这样可以保证上锅蒸的时候精华不会跑掉。因为香菇较高，用了牙签做支撑，这样保鲜膜不会碰到香菇。11.将摆好的香菇上蒸锅蒸30分钟左右。时间根据各种锅自行掌握。12.蒸好后端出，稍微晾会。可以看到蒸熟后盘底有很多汤汁。13.利用晾香菇朵的这点时间将香葱切成葱末，枸杞泡水化开。14. 调制芡汁。 碗里加一勺食用盐，半勺白糖，一勺料酒，几滴食用油，两勺淀粉，适量的清水，搅拌均匀，直至碗底没有颗粒。15.揭开保鲜膜，拿掉牙签。16.将香菇朵移至另一个盘子里。原来盘底汤汁留着待用。17.给每个香菇朵上都放上一颗枸杞。18.起锅，锅热后先加入调好的芡汁。再加入之前蒸香菇朵时留下的汤汁。炒制均匀。煮至透明状即可。19.将芡汁用勺子一勺一勺均匀的浇在香菇朵上。20.每朵香菇上都均匀浇上芡汁，使香菇朵充分吸收芡汁。21.均匀的撒上葱花即可。,,,
小炒鲜香菇,2.香菇、猪肉、青红椒切片；葱切花、蒜切片、姜切末；另一蒜拍蒜末。3.锅里烧水，放入香菇焯一分钟，捞出。4.锅里放油，下肉片煸炒，变色后淋入料酒。5.加入味极鲜，翻炒均匀。6.加入蒸鱼豉油，翻炒均匀。7.将香菇放入，翻炒均匀。8.将青红椒放入，翻炒均匀。9.青红椒炒至断生，加盐调味。10.放入蘑菇精提鲜，加入蒜末，关火，翻炒均匀盛盘。,,,
鲜虾香菇盏,1.将鲜虾洗净，去壳去虾线，倒入料酒腌制20分钟。2.香菇洗净，去蒂，用小刀在香菇片下面划十字刀，帮助更加入味，如果香菇大的话，可以多划几刀，注意保持香菇完整，不要划透表面。3.取一小锅，放入适量清水烧开，倒入香菇再次煮开。4.倒入一勺盐，继续煮大约8分钟之后捞起来滤干水分。先煮过的香菇有几个好处：一是可以稍微入味，二是香菇经过水煮之后形状会收缩些许，定型之后再填入馅料会更加贴合饱满。5.把虾切成丁，放入碗中。6.胡萝卜切成丁，放入盛虾肉的碗中。7.调入盐和酱油。8.用筷子将所有材料搅拌均匀。9.将滤干水的香菇放入盘中，用筷子或是勺子将调好的馅料装入香菇中。10.蒸锅加水，大火烧开之后把盘子放入锅中，盖上盖子改中火蒸大约15分钟。11.蒸好出锅。,,,
干煸茶树菇,1.准备食材:茶树菇洗净，猪肉剁成肉末，青红椒切丝，姜和蒜切碎末。2.锅中烧开水放入茶树菇，焯一分钟左右，捞出过凉水沥干水分备用。3.另起锅放适量油烧热后，放入肉末炒至发白状态。4.放入姜、蒜末炒出香味。5.调入适量的生抽和料酒炒匀。6.放入茶树菇煸炒5分钟左右至茶树菇变成焦黄色。7.放入青、红椒翻炒均匀。8.调入盐和鸡精，加入一汤匙蚝油翻炒均匀即可。,,,
茶树菇排骨汤,"1.排骨洗净,茶树菇去蒂泡发。2.排骨焯水去掉血水备用,把泡发好的茶树菇洗净备用。3.把排骨、茶树菇放入高压锅。4.注入清水,盖上盖子,开大火,锅上汽后,转小火煲30分钟。5.30分钟后,关火,锅下汽后,开盖,调入盐、鸡精,可以美美的享用了。",,,
茶树菇炖鸡,1.柴鸡一只洗净剁块，茶树茹提前泡发洗净备用。3.锅中放入清水，把鸡块放入坐火上，冷水开锅捞岀迅速放入烧热水的砂锅中，在下入茶树菇。4.先下入料酒去腥杀菌。5.在下入老抽酱油和盐。6.最后下入所有调味料，在次开锅改小火。7.盖上盖炖一半小时即可，关火焖着吃时在成碇这样肉质入味。,,,
葱油炒蘑菇,1。白蘑菇去皮洗净，切片或切块随意，香葱切葱花。2.锅内放稍多一点的玉米油。3.放入白蘑菇翻炒片刻。4.放香葱，用盐调味，翻炒至口蘑变软稍出汤即可。,,,
双菇荠菜羹,1.蘑菇草菇洗净切片。2.荠菜洗净，锅里放水烧开。2.荠菜洗净，锅里放水烧开。4.预先准备一盆冷水，荠菜烫一下马上捞出放入冷水中。5.捞出荠菜拧干水分，切碎备用。6.锅里加油，放入双菇翻炒片刻。7.加人少许水、盐烧开。8.倒入荠菜。9.加人水淀粉。10.用筷子顺着一个方向搅拌一下，放一点鸡精装盘即可。,,,
芦笋炒蘑菇,1.白蘑菇切片，芦笋斜刀切段，蒜切末。2.橄榄油小火炒蒜末，在蒜末微微泛黄的时候加入蘑菇片改中火继续翻炒，会出大量的水，不要管，加黑胡椒碎和少量的盐继续炒。3.等到蘑菇吐的水被收的差不多的时候加一坨黄油，下芦笋段翻炒。4.尝味道，根据口味下盐翻匀出锅。,,,
耗油杏鲍菇,1.将所有食材清洗干净后备用。2.将杏鲍菇切片备用。3.将双椒生姜大蒜如图切好备用。4.锅里水烧开后放入杏鲍菇焯水。5.将焯好水的杏鲍菇过凉水。6.过凉水片刻后捞出控水备用。7.锅里放入适量的油烧热后放入生姜大蒜煸出香味后！在把火关掉。8.加入适量的耗油。9.加入适量的酱油。10.加入适量的冰糖后在打开小火慢慢搅均匀使其冰糖融化。11.将控好水的杏鲍菇放入锅中开中火翻炒。12.见杏鲍菇把汤汁吸收的差不多了时就放入双椒翻炒均匀至断生即可装盘。,,,
爆炒杏鲍菇,1.把杏鲍菇切成菱形片。2.葱切成段，胡萝卜切成菱形片，蒜切成片。3.锅里倒入适量的油烧热，放入杏鲍菇煸炒。4.煸炒的时候刚开始会很干，炒上两分钟后杏鲍菇就会把吸进去的油再吐出来，这时候把杏鲍菇盛出。5.用锅里的底油炒蒜片和胡萝卜片。6.把煸炒的杏鲍菇重新倒入锅里。7.加入味极鲜酱油，少许盐，少许糖，快速翻炒。8.最后放入葱段翻炒两下关火盛盘。,,,
酱爆杏鲍菇,1.准备好食材清洗干净备用。2.杏鲍菇和黄瓜切丁，香葱切小段。3.热锅倒入玉米油烧至七成热。4.倒入切好的杏鲍菇翻炒至微微变黄，倒出备用。5.另起锅倒入适量油放入葱花爆出香味。6.倒入一大勺豆瓣酱，同时放一些白糖炒均。7.把刚倒出的杏鲍菇再倒入锅内翻炒均匀，再倒入黄瓜丁翻炒均匀。8.炒至使杏鲍菇和黄瓜丁都均匀的裹上豆瓣酱，再放入一点点鸡精即可。9.装盘出锅，撒上些葱花就可以上桌了,,,
素炒白玉菇,1.白玉菇择洗干净，用开水淖一下水捞出淋干水分备用，胡萝卜洗净切成条状，青椒洗净切条状，葱姜蒜切末。2.热锅凉油放入葱姜蒜爆香。3.先放入胡萝卜翻炒片刻。4.再放入白玉菇翻炒。5.最后放入青椒翻炒，加入适量盐，生抽，白糖，蚝油翻炒均匀入味。6.出锅前加入适量鸡精调味即可,,,
凉拌白玉菇,1.白玉菇去老根择洗干净，胡萝卜洗净切成丝，青椒洗净去蒂切成丝。2.锅里放水烧开，放入少许盐，放入白玉菇淖一下水，捞入立即投凉水里过凉，捞出淋干水分备用。3.青椒丝，胡萝卜丝也放入开水锅里淖一下水捞出投入凉水过凉，捞出淋干水分备用。4.把淖过水的白玉菇，胡萝卜丝，青椒丝，放入容器内。5.放入适量盐，鸡精，醋，味极鲜，香油搅拌均匀即可装盘。,,,
西芹木耳白玉菇,1.芹菜去丝切片。2.放入淡盐水中焯一下。3.红甜椒切小片。4.蒜切片，干辣椒切段。5.白玉菇淡盐水中焯一下。6.木耳淡盐水中焯一下。7.锅中倒入少量油，爆香蒜和干辣椒。8.放入芹菜，木耳和白玉菇，加入盐，蚝油和胡椒粉翻炒。9.快熟时加入红甜椒翻炒几下出锅。,,,
白蟹双菇,1.双菇去老根择洗干净。2.放入开水锅里淖水一分钟左右。3.捞出淋干水分。4.青红椒各切适量细丝，葱切段，姜切丝，蒜切片。5.锅里放适量油烧热放入葱姜蒜爆香。6.放入青红椒丝翻炒发软。7.倒入沥干的双菇翻炒，加入适量生抽，盐翻炒入味，放入少许鸡精出锅,,,
素炒蟹味菇,1.蟹味菇清洗干净。2.胡萝卜去皮切丝、蒜去衣拍碎。3.热锅放油、放蒜爆香。4.放蟹味菇、炒软身。5.放蚝油炒匀。6.放胡萝卜、炒断生。7.放盐、即可出锅,,,
蟹味菇豆腐煲,1.锅内倒清水，烧开后倒入蟹味菇，煮大约5分钟。2.重新加入清水，放入豆腐，煮到水开，放盐，胡椒粉。3.最后放葱花即可。,,,
凉拌百叶丝,1.食材洗净备用。2.百叶切细丝，香菜、大葱切末，蒜瓣切作蒜蓉。3.锅中入水，滚开后放入百叶丝焯熟，然后捞出过凉水沥水备用。4.百叶上面摆放葱末、蒜蓉、干红椒碎，调入老抽、味极鲜、凉拌汁、香醋、香油和适量食盐。5.炒勺里倒入少量食用油，小火炼爆，快速均匀地浇在佐料上。6.撒上香菜末，拌匀抓散即可装盘。,,,
三丝炒豆皮,1.干木耳提前泡发好。2.把厚百叶、胡萝卜、青椒、木耳依次洗净切成细丝，(葱切小段姜，蒜切片)。3.热锅凉油放入葱姜蒜爆香。4.先放入胡萝卜丝翻炒片刻。5.然后再放入木耳，豆腐皮翻炒片刻，随即放入青椒丝翻炒。6.放入适量盐，生抽，耗油，鸡精调味，翻炒均匀入味即可盛盘。,,,
油泼厚百叶,1.把豆腐皮洗净，切成一厘米宽的长丝。2.把大葱和红辣椒切寸段，再切成丝，姜切两片，再切成丝，花椒和干辣椒，冲洗干净。再把干辣椒切成粒。3.半勺白糖，一勺料油，两勺生抽，三勺白开水调好备用。4.锅中放入适量水烧开！放入豆腐皮，盖上锅盖，煮两分钟。5.捞出豆腐皮控干水。6.取一个大碗放入控干水的豆腐皮，淋上步骤三的生抽汁，再搅拌均匀。7.锅中放入适量油，烧成七成热后，放入花椒。等煸出香味后，捞出花椒粒。8.把大葱丝，辣椒丝，姜丝，干辣椒粒铺在豆腐皮上，淋上烧热的花椒油！搅拌均匀撒上葱花即可食用。,,,
豆腐衣包肉,1.准备好大豆腐衣和肉沫。2.拌肉馅，打入一个鸭蛋，少许葱花，盐，料酒。3.搅拌均匀。4.准备4张，对折切4份。5.将肉放在一端，卷一折然后两边包进来在卷。6.慢慢卷好放在盆中。7.在锅中加少许油，将接口放在锅底，煎下会粘住。8.放入少许盐，料酒，耗油。9.加水煮一煮。10.大火收汁后即可装盘。,,,
黄金豆皮卷,"1.准备食材。豆腐衣一包，就是薄的豆皮。将青菜、香菇、虾仁、猪肉都清洗干净，剁成碎末，加入适量的食盐、酱油、味精调味，腌制半小时使肉馅入味。2.买回来的豆腐衣是整包整叠粘在一起的。将豆腐衣摊开，切成四份。再一张一张慢慢的剥开。分成一张一张的小片。3.取一小张豆腐衣铺平，取适量的肉馅平铺在豆腐衣上。4.用豆腐衣的一角把肉馅盖住卷起来，再卷一次。5.旁边的两个角往里对折，再卷一次。6.一直往下卷。卷到底的时候正好把那个小三角盖住。7.所有豆腐衣都包好肉，一个个豆皮卷摆放整齐。8.起锅，加适量的食用油。9.油温七成热，将豆皮卷依次放入油锅中炸。10.炸至表面酥脆，微黄。捞出控油。11.再将炸过一次的豆皮卷复炸一次，炸至表皮金黄即可。12.捞出，控油。13.所有豆皮卷炸好，装盘。14.炸好的豆皮卷金灿灿，特别讨喜。配上甜辣酱，就可以开吃啦。
",,,
豆腐衣包菌菇,1.准备好豆腐衣，香菇，金针菇和蟹味菇。2.菌菇洗净，拧干水分，香菇切片。3.在锅中放入少许油，放入肉沫。4.炒至发白，放入菌菇。5.翻炒片刻，放入盐，料酒和耗油。6.不需要加水，因为出水。7.装盆。8.一张豆腐衣平均切成4片。9.将炒好的馅料放在豆腐衣一端。10.两边收口然后卷起来11.依次卷好。12.将锅烧热，转小火，在锅中放入少许油，接口朝下。13.两面煎至金黄色即可装盘。,,,
油面筋塞肉,1.准备食材，干香茹泡发，香葱切葱花，姜切未。2.将泡发好的香茹切丁。3.将香茹丁放进猪肉馅里，加姜未，一半的葱花，加上生抽，盐和香油。4.用筷子按顺时针方向搅拌均匀。5.将油面筋用手指在表面捅一个洞，然后在面筋里搅动一下，不要破坏表皮，使面筋里面变成一个空洞。6.将拌好的肉馅小心的塞入扣好的油面筋里，把肉馅塞的满满的，然后把封囗抹平。7.把所有的油面筋用同样的办法都塞好肉馅。8.锅中放适量的油烧热，放入葱花爆香。9.倒入生抽爆香，至生抽煮沸。10.向锅中倒入适量的开水。11.加入老抽和白砂糖。12.将塞好肉馅的油面筋依次放入锅中。13.将汤汁煮沸，转小火盖上锅盖，焖15分钟左右，中间用木铲翻动一下，以防糊底。16.打开锅盖，大火收汁，出锅撒葱花即可出锅。,,,
油面筋炖大白菜,1.油面筋用筷子或手撕破个口子，姜，蒜，小葱，切丝或段。2.汁调好：黄豆酱2茶匙，耗油1-2茶匙，麻辣鲜适量，六月鲜生抽3茶匙，生粉3茶匙然后兑入适量清水搅拌均匀待用。3.把白菜洗净切条备用。4.锅烧热放入菜籽油稍微多放点，然后放入几颗麻椒及八角炸下。5.把姜蒜放入锅里爆香。6.倒入切好的白菜，炒至变软。7.然后放入油面筋，放入少许白酒提味，翻炒均匀至油面筋变软。8.倒入之前勾兑好的调料汁进行炖煮3-5分钟。9.翻炒待菜上色汤汁变少及浓稠时放入适量鸡精，然后滴几滴香油收汁即可盛盘。,,,
土豆烧油面筋,1.选用食材。油面筋一包。两个土豆，提前切好块，入水中浸泡去除淀粉，生姜适量。2.油面筋用手撕成小块，这样煮时容易酥烂入味。3.起锅，倒入适量食用油，油温六成热，加生姜爆香。4.将土豆块放入油锅中翻炒。5.炒至土豆块均匀裹上油花。6.继续翻炒，待土豆块表皮出现焦黄。加入适量的清水。7.水量以盖过土豆一半为佳。开大火煮。8.煮至土豆可以用筷子插穿。9.加入撕好的油面筋块。10.盖锅盖，大火煮。11.煮一分钟左右，开锅盖。油面筋块已经吸收热气变塌变软。12.翻炒均匀。使油面筋块均匀吸收汤汁。13.加入适量清水。再加两勺食盐调味。继续盖锅盖烧。14.烧至锅中汤汁渐浓，加半勺味精提鲜。待收汁，出锅即可。,,,
卤面筋,1.准备好3个面筋。2.将面筋放入锅中，加入茴香桂皮香叶，盐，料酒，耗油，六月鲜酱油。3.加入适量的水，大火煮1小时。4.大火慢慢收汁，剩少许汤汁关火。5.将面筋拿出来放凉。6.面筋斜切成块，装盆。7.准备好肉末，香菇末，葱花。8.锅里放入少许油，放入肉末。9.肉末炒至发白，放入香菇末。10.然后加入盐，料酒，耗油和六月鲜酱油，翻炒均匀。11.放入适量的葱花翻炒片刻。12.将肉末放在面筋上面，淋点蒸鱼豉油和香油即可。,,,
凉拌面筋,"1.面筋洗干净切成片。2.黄瓜，红椒洗干净切成丝。3.将面筋在开水锅中炤一下。4.将炤过的面筋捞出来挤干水，用大点儿的容器装着。5.葱姜蒜切成末，用小碗装好。6.往装葱姜蒜的小碗里放入生抽,醋,盐,香油,麻酱搅拌均匀。7.把黄瓜丝,红椒丝放入装面筋的容器里。8.把调好的料汁倒入装面筋的容器里拌均匀就可以啦！。",,,
双椒面筋鸡丁,1.将面筋和胡萝卜切丁，青红椒切片。2.将鸡丁加入一小勺料酒，淀粉拌匀备用。3.姜，葱切末放在一起。4.锅加水烧开倒入面筋和胡萝卜焯熟。5.热锅冷油倒入鸡丁煸炒。6.鸡丁变白色至熟，盛盘备用。7.锅里留油倒入姜葱末爆香。8.倒入青红椒煸炒。9.加入鸡丁。10.加入焯熟的胡萝卜和面筋。11.翻炒片刻后加入一勺生抽。12.继续翻炒上色。13.给半勺盐，少许糖和鸡精，翻拌均匀就关火即可出锅。,,,
红烧脆皮素鸡,1.素鸡洗净切片。2.锅中倒油，8层热放切好的素鸡。3.煎至金黄色时翻到另一面继续煎。4.煎好盛出备用。5.葱切碎，姜切丝。6.另起锅，倒少许油，油热倒入切好的葱姜爆出香味。7.将煎好的素鸡倒进去，加水，没住素鸡即可。8.开大火，同时放蚝油。9.继续大火，放生抽，老抽，糖，盐，调味。10.调水淀粉。11.调好的水淀粉倒入锅中，收汁。12.将烧好的素鸡盛入盘中。13.锅中剩下的汤汁浇在素鸡上。14.最后撒少许香菜末点缀即可。,,,
彩椒炒香菇素鸡,1.准备好小素鸡，香菇，红绿辣椒。2.小素鸡切小片，香菇洗净切小片，红绿辣椒切条。3.锅里放入少许油，放入红绿辣椒。4.翻炒出辣香味，放少许盐，翻炒均匀盛出。5.然后放入小素鸡。6.再放入香菇片，翻炒。7.加入盐，料酒，耗油，炒出水分。8.放少许水煮一煮，香菇易出水。9.剩少许汤汁放入红绿辣椒，翻炒均匀即可出锅。,,,
孜然五香素鸡,1.素鸡洗净用厨房纸巾吸干水分。2.把素鸡切片。3.锅里加入适量的食用油，油温烧热，放入切好的素鸡，中火慢慢煎透一面。4.翻身煎另外一面。5.两面都煎好后盛出备用。6.葱姜切片。7.炒锅里加入少许食用油，放入葱姜、八角、桂皮炒香。8.把煎好的素鸡倒入锅里，开小火。9.加入五香粉，孜然粉，生抽，盐，白糖。10.再加入半碗开水大火煮开，转小火炖几分钟就可以了。,,,
蒜苔炒素鸡,1.油热后先放入花椒煸香。2.再把葱，姜，蒜，红辣椒放入锅中煸香。3.把素鸡放入锅中煸炒。4.再把蒜苔，盐，白糖，黑胡椒粉，放入翻炒，适量加入一点水翻炒，防止粘锅。5.把青红辣椒放入煸炒。6.起锅前放入鸡精翻炒均匀即可。,,,
蒜苔炒肉,1.蒜苔清洗干净，切段，猪肉切片。2.热锅下油，油热下猪肉。3.猪肉炒变色，下蒜苔，翻炒。4.准备汤汁！把盐、酱油、料酒、五香粉等调料全部混合。5.蒜苔炒熟，下汤汁勾芡，翻炒均匀即可。,,,
蒜苔炒香干,1.蒜苔、香干、红椒洗净。2.蒜苔切段，香干和红椒切粗丝，蒜切粒。3.锅中烧水。4.水烧开后，调入小半勺盐和几滴油，倒入蒜苔焯水一分钟捞出。5.锅中放油，放入蒜爆香。6.倒入香干和红椒翻炒一分钟。7.倒入焯过水的蒜苔，并调入盐和生抽翻炒均匀。8.最后放入鸡精，岀锅,,,
鱼香嫩豆腐,1.准备食材。豆腐一块、猪肉馅适量、香葱适量、蒜、姜适量。 2.将豆腐切成小块，蒜姜切末，香葱切末备用。剁辣椒，郫县豆瓣备用。3.肉馅中加入一勺玉米淀粉，一勺料酒，一勺生抽腌制十五分钟备用。 准备一只空碗，然后放入一勺鸡精、两勺生抽、二勺醋、二勺白糖、适量的玉米淀粉调成鱼香汁备用。4.锅中加适量的水，水烧开后将豆腐放入锅中焯一分钟，然后捞出备用。5.锅中倒入适量的食用油，然后将蒜姜放入锅中煸香。6.往锅中放入一勺剁辣椒，一勺郫县豆瓣酱煸炒出红油。7.然后将肉馅放入锅中煸炒至其变白成熟。8.往锅中倒入适量的热水。9.把豆腐放入锅中，轻轻晃动锅。10.将鱼香汁倒入锅中，烧开后轻轻翻炒，然后淋少许香油即可出锅。 11.出锅时撒少许香葱盛盘。,,,
皮蛋拌豆腐,1.开水里加少许盐，放入嫩豆腐泡5至10分钟。2.小米椒、蒜、葱洗净，皮蛋。3.小米椒切结、蒜切粒、切葱花，皮蛋切块。4.嫩豆腐捞出控干水，切小块。5.如图放入嫩豆腐，摆上皮蛋。6.取一净碗，加入蒜粒、小米椒结、香油、生抽、香醋、白糖、胡椒粉、盐、辣椒油调匀。7.淋在豆腐和皮蛋上，再撒上葱花拌匀即可。,,,
豆腐羹,1.豆腐切片。2.开水中加少许盐，把豆腐片泡上，一来去除豆腥，二来盐水泡过豆腐不易碎。3.金华火腿切成与豆腐片等大的片。4.姜切片备用。5.香菇切片。6.准备好高汤，肉汤、骨汤、鸡汤都行。调料用盐、少许白糖、胡椒粉和几滴香油。另外泡些水淀粉备用。7.高汤用中火烧开，放入姜片和火腿片煮两分钟，然后放入香菇片。8.豆腐片加进锅中煮开。9.加盐、少许白糖和胡椒粉调味。10.勾玻璃芡。11.关火，滴一、两滴香油。12.盛出用些香菜叶装点一下。,,,
凉拌腐竹木耳,1.准备食材：腐竹、黑木耳、香菜、小米椒、大蒜。2.锅中放水烧开，放入腐竹煮到彭松变软，将煮好的腐竹过凉水。3.木耳用水泡开，清洗干净，撕成小朵。4.香菜洗净，切成小段。5.大蒜用刀背拍碎，然后切碎，小米椒切小段。6.将所有食材放入大的容器中。7.锅中放油烧热，放入花椒粒炒出香味，扔掉花椒。8.将热油倒在菜上，放入适量盐、鸡精调味。9.再放入味极鲜、米醋、调味。10.搅拌均匀即可食用。,,,
清炒腐竹,1.提前五个小时冷水泡腐竹。2.把泡好的腐竹，洗净切成段，五花肉切成薄片。青椒，胡萝卜，生姜，大蒜洗净备用。3.把青椒和胡萝卜切成长条形的薄片，生姜，大蒜切末，葱切段。4.热锅下五花肉煎炒出油，加点料酒炒至金黄色。5.加入生姜，大蒜末炒香加入胡萝卜煎炒断生。6.加入腐竹加点水，焖一分钟，加入盐，胡椒粉和青椒炒匀至辣椒断生。7.加入鸡精粉和葱段炒匀关火即可。,,,
腐竹炒芹菜,1.准备食材：腐竹提前五小时泡发；芹菜摘去叶子。2.洗净的芹菜用削皮器削去外皮。3.腐竹洗净切斜段；芹菜切斜段、红椒切成条；葱蒜切片和断。4.锅里油烧热，下葱蒜炒香。5.倒入芹菜翻炒均匀。6.放入腐竹段翻炒。7.加花椒水炒匀。8.将红椒放入。9.加盐调味，翻炒均匀即可。,,,
芹菜花生拌香干,1.西芹洗干净切丁，花生洗净浸泡，胡萝卜切丁，香干切丁。2.水开后在锅内加少许盐，倒入花生，煮熟捞出备用。3.换水，锅内加几滴油，水开放入西芹焯水捞出备用。4.在放入胡萝卜丁。5.放入香干丁捞出备用。6.4种食材混合在一起。7.加入适量的盐，1勺醋，少许鸡精，半勺辣椒油。8.搅拌均匀装盘。,,,
卤香干,1.将香干洗净沥水。2.将香干两面切花刀，以便入味，一面切斜纹一面切横竖纹！这样整块香干不容易碎了。3.将不粘锅放油烧热。4.将香干两面煎黄。5.准备好佐料，可以根据喜好添加干辣椒和花椒。6.将香干和调料一起放入锅中，把桂皮等放到锅底，防粘锅，加入适量的水，没过香干，加入适量的盐，老抽，辣椒油，盖上锅盖煮，开锅后改小火焖！直到入味。7.待水分收的差不多了，不能全干，香干入味即可装盘！,,,
木耳炒香干,1.备好食材。木耳提前泡发洗净，香干、红椒、青椒丶蒜洗净。2.红椒与青椒切粗丝，香干切粗条，蒜切片。3.锅里水烧开，放入香干焯水。4.捞出控干水。5.锅里放适量油烧热，加入红椒和青椒、蒜片爆香。6.倒入木耳、香干翻炒。7.加生抽、胡椒粉、白糖翻炒。8.加盐、味精炒匀即可。,,,
油豆腐炒肉,1.油豆腐清洗干净、一分为二。2.瘦肉清洗干净切块、用酱油、盐、生粉、油、腌制10分钟。3.清洗干净、葱切段、姜去皮切丝。4.热锅放油、放姜爆香、放肉炒至断生。5.放油豆腐炒几下。6.加入少许清水、盖上锅盖焖煮1分钟。7.放葱、酱油、盐、炒匀即可。,,,
油豆腐塞肉,1.准备好油豆腐和猪肉末。2.在猪肉末中加入盐，料酒，耗油，葱花，鸭蛋和玉米淀粉。3.搅拌均匀。4.将油豆腐用手戳一个洞，然后将里面的白色的挖掉少许。5.将肉馅塞进油豆腐里面，四周弄实。6.锅里放入少许油，将油豆腐破洞一侧朝下。7.表面煎至微微黄，凝固以后翻面。8.加入盐，料酒，耗油和六月鲜酱油。9.加入少许水，大火煮10分钟。10.剩少许汤汁，倒入水淀粉勾芡。11.汤汁变浓郁撒点葱花，关火即可。,,,
红烧油豆腐,1.将葱洗净，葱白切段，葱叶切碎。2.热锅少许冷油，将葱白爆香。3.倒入油豆腐煸炒片刻。4.加入一碗水，再给点酱油小火炖十分钟。5.十分钟后加入盐。6.再加入少许糖和鸡精。7.稍微收点汁就关火。8.装盘，撒点葱花即可。,,,
水煮干丝,1.准备干丝。2.胡萝卜，黄瓜，火腿切成丝。3.葱姜蒜切末。4.锅里热油，放入葱姜蒜末爆香。5.放入火腿丝。6.放入干丝，加1000毫升的清水，煮10分钟。7.快起锅的时候放入适量盐胡椒粉调味，放入胡萝卜丝，黄瓜丝即可。,,,
烫干丝,1.水烧开，干丝烫煮一分钟，出锅。2.出锅沥水，备用。3.辣椒切碎丁，大蒜切碎末。4.油烧热泼在辣椒里面➕生抽➕盐➕醋➕香油。5.搅拌均匀即可。6.淋在干丝上即可。,,,
鸡汁干丝,1.明虾干与笋干用温水浸泡，虾去壳，笋干泡软后洗净盐分。2.胡萝卜、草菇、笋干切丝备用，虾切段，姜切丝。3.砂锅内加高汤，放入笋干丝、姜丝与虾段慢炖20分钟。4.再加入草菇，继续小火炖。5.炒锅放少许油，加入胡萝卜煸炒，煸软后加干丝同炒，加少许鸡汤焖煮3分钟。6.最后倒入砂锅内同煮至入味，调入适量的盐，撒葱花即可,,,
软炸里脊肉,1. 里脊肉切成粗条，大概和筷子粗细差不多，用生抽，料酒，盐，白糖，花椒粉腌制。2. 将面粉，鸡蛋，淀粉，花椒粉，盐，搅拌成面糊。3. 里脊肉包裹调好的面糊下锅，小火炸到焦黄捞出。4. 二次复炸更酥脆，一次现吃也可以哒。,,,
爆炒里脊肉,"1. 猪里脊肉切成柳叶片，加盐、生抽、料酒、蛋清和水淀粉搅拌上劲，加入1勺食用油腌制一会儿；香菇和青椒洗净切成条备用。
2. 炒锅加入油烧至五成热时，将里脊肉放入，中火炸至肉片表面变色即可捞出控油。
3. 锅内留底油，煸香葱、姜末，下香菇、青椒和里脊肉翻炒，调入盐、料酒、糖、少许醋和少量高汤，淋上一点花椒油（麻油），翻匀后装盘即成。",,,
京酱肉丝,"1. 将肉丝切成丝，用少许盐，料酒，胡椒粉抓至粘稠，再加半个蛋清和生粉上浆，再倒适量花生油拌匀放入冰箱腌制10分钟。
2. 调一个碗汁：甜面酱2勺，白糖10克，酱油和几滴老抽，香醋加一点点水调匀备用。
3. 坐锅烧热倒油，滑散腌制好的里脊肉丝至成熟，乘出控油。锅里留底油（一点点）倒入调好的碗汁不断搅拌起泡时，倒入肉丝，把每个肉丝都均匀裏上浆时即刻关火乘出。",,,
葱烤大排,1.大排事先放清水中浸泡半小时，中间换一次水，去除血水。然后用厨房纸吸干水份。2.大排边上白色结缔组织，受热容易卷曲影响大排的形状，用刀划断几刀。然后将大排放保鲜袋，用刀背将肉拍松驰，使肉的厚度变薄，口感更嫩，汤汁更能吸收到內部。3.拍好的肉加入一茶匙盐、姜丝、一汤匙料酒、一汤匙生抽、半汤匙老抽、鸡蛋清抓匀，并用手按摩肉表面。4.大排表面均匀拍上生粉，腌制二十分钟以上。这样肉质更鲜嫩。可以在大排表面抹上油，等一下下锅就不容易沾锅。5.锅中加稍多油，中小火将大排两面稍煎，每面煎至略黄即可，不要煎太久，这样可以锁住大排内部肉汁不流失。6.将葱切成葱白部分和葱段，姜切丝，八角、冰糖备用，二汤匙生抽和半汤匙老抽调成汁。7.锅中留底油小火将葱白、姜、八角煸香。8.放入葱段翻炒片刻。放入大排，加一汤匙料酒，调入刚才调的酱汁和腌制大排剩余的酱汁翻匀。9.锅中倒入热水一大碗，刚好与大排持平的量。放入冰糖，大火将汤汁烧开。10.烧开后，加盖小火焖煮十五分钟左右。11.焖煮过程注意翻一下大排。然后大火收浓汤汁。千万别全收干了，汤汁可用来拌饭。,,,
红烧大排,1.大排洗干净控下水分，用厨房锤两面捶打。2.全部捶打后，加入料酒和鸡精腌制一会。3.葱切段，姜蒜切片待用。4.腌制好的大排两面均匀裹上淀粉，抖落掉多余淀粉。5.锅内入油，油温5、6成热的时候，下锅炸制。6.炸到两面金黄即可。7.锅内留底油，下入葱姜蒜爆香。8.下入大排，倒入红烧酱油，生抽翻炒，使大排均匀裹上酱油。9.加入适量的水，盖住大排即可。10.大火烧开后，加入盐和糖，转小火40-60分钟。11.最后大火收汁撒葱花装饰即可，收汁的时候可以留点，拌米饭拌面都好吃,,,
日式炸猪排,1.大排用保鲜膜盖上，用擀面棍敲打肉的表面，这样肉会变软，而且会扩大肉的面积，看起来很大，其实肉量不是那么多，可以减少肉量，完了撒些椒盐在表面上。2.准备面粉，面包粉、把蛋打开。3.先把肉在面粉里滚过，两面都沾上薄薄的面粉。4.然后再沾上蛋液，最后沾上面包粉，这样就完成了准备工作。5.油170度左右，放猪排进油锅，途中翻一次过来，一共炸5～7分钟。6.取出后不要马上切开，下面垫一张吸油纸沥油，放置3分钟以后再切开食用，这样可以让余温把猪排熟透。7.再用生菜摆盘，放上切好的炸猪排即可。,,,
糖醋小排,1.姜切片，大蒜压扁，排骨剁成小段。2.锅加清水，放入排骨煮沸～煮沸后捞出清水过一下，备用。3.锅中加油，放入单晶冰糖，翻炒至融化。4.加入排骨翻炒一会。5.加入姜蒜，继续翻炒。6.加入清水没过排骨。7.待其煮沸，转中火慢焖，待酱汁收剩1/3，加入料酒、生抽、醋调味收汁至浓稠。8.白芝麻炒一炒，撒上排骨上出锅。,,,
孜然排骨,1.准备食材，排骨切小块洗干净备用。2.排骨中加入适量的盐。3.一勺白酒。4.一个鸡蛋清。5.1勺淀粉，搅拌均匀，腌制30分钟。6.把蒜，葱切片备用。7.热油锅，锅内多倒一点油。8.待油4成热时，放入排骨炸制。要小火慢慢炸至少8分钟。要炸熟。9.炸到排骨表面金黄酥脆，便可以捞出了。10.另起一锅，不需要倒油，放入葱，蒜片煸香。11.接着倒入炸好的排骨略微翻炒。12.加入一勺孜然粉，翻炒均匀就可以出锅了。,,,
萝卜小排汤,1.小排冲洗后加一勺面粉在盆中，浸泡半小时，面粉有吸附作用。2.萝卜葱姜洗净。3.姜和萝卜切块，切葱花备用。4.泡好的小排洗净，是不是白亮些。5.锅内水烧开，把小排放入焯水，用面粉洗过的小排浮沫血水少。6.焯过水的小排放入陶瓷炖锅中，加适量水，姜块，加盖开启炖汤模式。7.1少时后放入萝卜加盖继续炖。8.再过半少时，筷子能扎透萝卜和小排就好了，这时放盐，滴两滴醋，醋酸和小排的营养成分碳酸钙反应生成钙离子，人体更容易吸收。9.装入好看的汤碗中，撒上葱花即可。,,,
蒜香排骨,1.将大蒜拍碎切沫，红椒切沫，青椒切沫。2.排骨洗净，放入器皿中，加盐15克，味精10克，料酒20克，白糖5克，鸡粉10克，胡椒粉10克，蒜沫100克，拌匀腌制30分钟。3.蒸锅烧热上气，将排骨放入盘中，放蒸锅，中火蒸30分钟，出锅备用。4.将排骨上面的蒜沫去掉，用淀粉50克拌匀。5.锅内下300克色拉油，大火烧至7成热，将排骨炸至金黄色捞出，放入漏勺控油后装盘。6.锅中备少许油，大火烧至7成热，放入洋葱沫60克、红椒沫20克、青椒沫20克大火煸炒。7.煸炒后，撒在装好盘的排骨上即可。,,,
玉米炖排骨,1.玉米排骨和胡萝卜洗净。2.排骨飞水后再清净。3.玉米切段，姜切片。4.把玉米，排骨香姜放入高压锅中。5.加适量的水，盖好盖子。6.大火压上汽，中火压二十分钟。7.利用炖汤的时间，胡萝卜切花。8.待减压阀落下，调入盐和胡椒粉，岀锅，一碗汤汁透亮，味道鲜甜的玉米排骨汤就好了。9.放上两片胡萝卜装饰一下即可。,,,
酱香排骨,1.准备食材。2.将排骨放入盆中，放入面粉，加水。3.搅匀后浸泡一个小时。4.冲洗干净，捞出控去水分。5.葱姜蒜（形状无所谓）切好放入排骨中。加入适量盐。6.加入胡椒粉。7.加入料酒。8.加入黄豆酱。9.加入甜面酱，拌匀。10.包好保鲜膜放冰箱进行入味（一小时）。11.锅里放适量油，放入大料和香叶，变色后关火，夹出弃之。12.再次开火，将腌好的排骨放入翻炒。13.排骨表面收紧，在锅边淋入白酒去腥。14.放入红糖上色。15.翻炒均匀后加开水。16.水量没过排骨就好，大火煮开转小火。17.炖四十分钟左右，用筷子能轻易的扎透排骨上的肉。18.加盐调味，转中火再炖五分钟。19.将排骨夹出，开大火进行收汁。20.将汤汁浇在排骨上就可以吃了。,,,
秘制红烧猪蹄,1.葱切断，姜切片，猪蹄切段后洗净。2.将猪蹄放入热开水中焯一下，煮出血末后捞出。如果猪脚上有未除干净的毛，此时可以用镊子拔出。3.锅中放油，烧热后加葱姜和花椒爆香，然后将猪蹄放入翻炒。4.待翻炒片刻后，加入老抽、生抽、料酒、冰糖。5.继续翻炒几下，加入没过猪蹄的热水。6.将八角和所有的调料放入，加适量的盐调味。7.大火烧开后盖好锅盖转小火，一个小时左右，用筷子戳一下，能够轻松戳透就可以了。8.接下来，转大火收干汤汁就可以吃了。猪蹄在烹调过程中会转化成明胶，放凉后吃也超Q。,,,
黄豆猪蹄汤,1.把黄豆提前洗净浸泡1-2个小时左右。2.把猪蹄洗净切块备用。3.把猪蹄放入锅中灼2-3分钟，灼掉血水。4.把猪蹄捞出，洗净。5.砂锅中放入猪蹄、黄豆和生姜，一次性加入清水。6.武火烧开后转文火，煲约1.5小时后，加入泡好枸杞。7.继续煲30分钟左右。8.加入适量花生油和盐调味即可。,,,
沙姜猪手,1.沙姜洗净，部分切薄片。2.猪蹄洗净切小块，去掉血水，准备好其他配料。3.猪蹄冷水下锅，放入姜片、花椒，倒入适量黄酒。4.大火煮沸，煮出浮沫后转小火再煮两分钟。5.捞出猪蹄洗净，再另起汤锅下锅，放入老姜片、八角、沙姜薄片、香叶，大火烧沸加入黄酒，转小火焖煮。6.香菜切小段，葱切葱花，红尖椒切小段。7.准备炒香的白芝麻，沙姜去皮放在捣蒜盅里捣烂。8.沙姜捣成泥状。9.猪蹄煮一小时后捞出晾冷，加上生抽、沙姜泥、香菜段等调料即可。10.剩的猪蹄汤可以加蔬菜焖煮。11.可得鲜汤一碗。,,,
青椒猪肚片,1.猪肚洗净放清水里煮上2小时左右，筷子能插透即可。2.取一块猪肚，切菱形片，青椒切片。3.炒锅加油烧热加蒜姜炒香放肚片煸炒，加青椒、生抽继续炒入味即可关火。,,,
胡椒猪肚汤,1.猪肚买回先简单用水龙头的水顺着口子注入水简单清洗一下。2.用剪刀剪开。3.放入一汤匙面粉，然后用手使劲揉搓，特别是里面有粘液的地方。4.冲水洗，尽量洗到水清澈，再放入面粉重复之前的动作，连续3次。5.用面粉洗3次后的猪肚已经很干净了，没安全感的朋友还可以放入2小勺盐揉搓，然后再清洗，重复2次。6.最后把外面粘附的猪油撕掉即可。7.提前浸泡腐竹。8.把猪肚清洗干净后，切一半猪肚冷水入锅焯熟。9.捞出切小条。10.锅里炒香白胡椒粒后装起备用，炒锅倒入少许植物油，爆香姜片，猪肚回锅炒至干水后继续小炒一会。11.炒香的胡椒粒倒回锅同炒。12.加入水。13.加入红枣白果。14.转小汤锅大火煲15分钟至汤色浓白。15.调入少许盐，转砂锅煲30分钟左右。16.最后倒入泡好的腐竹煮3分钟左右，撒入枸杞，装碗后磨入少许白胡椒碎即成。,,,
猪肚包鸡,1.用粗盐加面粉涂抹猪肚，反复揉搓，面粉可以起到带去猪肚上面赃物的作用，粗盐的颗粒抑有此作用。约两三分钟后，冲水洗净。2.选童子鸡去掉鸡肺，食管和鸡嗦子。冷水下锅焯二分钟除去血沬。把药材（枸杞，黄芪，党参，红枣，葱姜，胡椒）放进鸡肚里。3.把鸡塞进猪肚，先进鸡屁股，用竹签封口。过沸水1分钟，在猪肚上扎几个小孔，防止猪肚爆开。4.猪肚放入砂锅，加水，大火烧开，转小火煲两个小时。5.将煲好的猪肚捞起，斩成条状，再放入砂锅滚十分钟，再加入盐调味即可。,,,
青椒炒猪肝,1.猪肝洗净后，片成2——3mm厚的片，在水中反复冲洗。2.然后清水浸泡30分钟，换水继续洗至无血水。3.用笊篱捞出，控干水分。4.准备配料：青椒、大蒜叶、葱、姜。5.猪肝里调入半勺盐、干淀粉一勺、一勺生抽、半勺醋、两勺料酒、半勺白胡椒粉、花椒4、5颗、一点白糖、葱姜片。6.搅拌均匀，码味。7.准备配菜，大蒜叶切成小段，青椒切成菱形。8.起锅热油，油稍微多一些，油要热，烧至7、8成开始冒青烟时，倒入码好味的猪肝片。9.大火，快速翻炒，倒数5秒，或者用眼睛观察，当猪肝表面刚刚开始发白，有一些还没有变白，略带肉粉色时，就马上盛出。10.锅内留底油，先下青椒段和蒜苗段白色的部分煸炒1分钟。11.倒入炒好的猪肝，大火快炒几下。12.关火！撒入蒜苗叶，利用余温将蒜苗叶烫至断生即可，一点味精，装盘。,,,
洋葱炒猪肝,1.猪肝用清水泡一会，再切成薄片。2.用少许盐，料酒，胡椒粉，生粉抓匀腌制。3.把需要的配料准备好，并清洗干净。4.把所有配料切好待用。5.锅烧热入适量植物油烧至六层热，倒入猪肝快速划开炒至变色。6.放入小米辣和葱姜煸香。7.倒入洋葱和尖椒翻炒均匀。8.用生抽，盐，鸡粉适量料酒调味，待洋葱炒至断生就可以了。,,,
白切猪肝,1.猪肝反复冲洗干净用流动的清水浸泡半小时左右。2.锅中放水，水盖过猪肝还略多。加料酒，姜片。3.大火烧开后，撇去浮沫，转小火。4.约1小时后关火，待猪肝放凉后，从汤汁里取出切薄片。5.用蒜蓉，醋，生抽，香油和少许辣椒油调成料汁。随猪肝一起上桌蘸汁食用。,,,
红烧肉,1.五花肉切成大小均匀的方形小块。2.将五花肉洗净浮末沥干水分，葱切段，姜切片。3.锅内倒入适量的油，油烧的微微变热放入冰糖中小火炒糖色。4.炒至冰糖变为深褐色泡泡差不多都没有的时候，糖色就炒好了。5.放入五花肉不停翻炒片刻均匀裹上糖色。6.放入葱姜，大料炒香。7.加入少许的生抽和老抽，料酒。8.加入没过肉的温水和少许盐，盖上锅盖大火烧开转小火慢炖50分钟。9.最后五分钟大火收汁加入鸡精调味即可。10.撒上葱花即可。,,,
红烧狮子头,1.五花肉洗净剁碎，加上葱花一起剁成泥。2.装入容器中，加入适量淀粉和盐、酱油、鸡蛋搅拌上劲。3.揉成一个光滑的圆形。4.全部准备好备用。5.油锅热油，烧到7分热，放入肉丸炸至表面金黄色。6.捞出控油。7.另起锅，加入浓汤宝、酱油烧开。8.放入炸好的肉丸，小火焖10分钟。9.小油菜提前用热水烫一下，肉丸摆放整齐，用油菜装饰，再放上枸杞点缀。,,,
脆皮烧肉,1.五花肉一块洗净。2.锅里放入姜和足够没过肉表面的水后，五花肉凉水入锅开火，煮熟后捞出过凉水后擦干表面。3.用松肉针在猪皮部位扎扎扎，你扎得越密集，成品的肉皮就越酥脆。没有或者不想买的话，可以用稍微尖一些的叉子，或者用橡皮筋捆上几根竹签，又或者用烧烤叉啥的代替。4.把猪肉四面抹上盐，腌制至少一晚（8小时以上，24小时最好）。5.烤箱预热230度，肉皮朝上放入腌制好的五花肉，烤至肉皮金黄酥脆即可。6.烤好的烧肉冷却切块就能吃啦。,,,
五香牛腱,1.备齐新鲜牛腱子肉。2.切块放凉水泡出血水备用。3.准备调味料和老抽酱油，盐，糖，干黄酱和葱姜蒜。4.然后把牛腱肉放入凉水锅中，开大火焯水捞出。5.洗净锅在次放入清水，水开下入焯水牛腱子块，放入葱姜蒜和调味料，老抽酱油，盐，糖和干黄酱用勺搅动一下汤锅，使调味料及黄酱，盐和糖化开。6.在次开锅盖上盖小火炖一半小时关火，不用捞岀焖二小时入味。7.然后捞出控下表面汤汁，凉后入冰箱冷藏次日切片享用即可。,,,
私房白切牛腱,1.牛腱肉放入开水锅内汆水后洗净沥干水分，花椒，八角，姜块，葱段，香叶装入调料包备用。起锅加入纯净水，将汆过水的牛腱和调料包一起放入锅内煮到大开，然后关火焖。隔天这个程序再走一遍即可吃上韧劲十足的白切牛腱肉。既节能又美味吃的时候沾蒜泥汁。 ​​​,,,
西红柿炖牛腱,1.牛腱肉切块、洋葱切块、西红柿切块。2.锅烧热放少许黄油融化。3.融化出香味的黄油把蒜片、洋葱放入翻炒出香味。4.再把牛肉块放入煎炒一下，烹入红酒。5.炒至牛肉紧实微微出水加黑胡椒碎、迷迭香炒出香味。6.浇入牛肉高汤，先煮开，再调至小火。7.盖上锅盖文火炖一个小时即可。8.开锅盖加盐、少许生抽调味。9.放入切好的西红柿片。10.大火收汁可以加一点白糖收的更漂亮，最后撒香菜出锅即可,,,
萝卜炖牛腩,1.准备材料：牛腩洗净切成2cm＊4cm的长方块，姜切片，蒜切块，大葱切圈。2.锅里放水烧开，加入牛腩煮。3.煮10分钟，煮出血水。4.捞起沥干。5.萝卜切块。6.热锅放油，加入姜、蒜、八角、花椒、干辣椒煸炒出香味。7.加入牛腩炒干水分。8.加入一勺豆瓣酱。9.翻炒均匀，加入生抽、料酒、大葱、冰糖翻炒均匀。10.加入适量冷水没过牛腩大火煮开，小火炖煮60分钟，再加入萝卜大火煮开，小火炖煮30分钟。11.萝卜变色，说明已经熟了，尝尝咸淡，如果淡了适量加点盐。关火。12.装盘，撒上熟芝麻，中间放入香菜叶点缀。,,,
咖喱牛腩,1.牛腩切成小块，用流动的水反复冲洗干净，至无血水渗出。锅中水烧开，冷水入锅，烧开后再煮两分钟（不要盖盖子）。捞出，用水冲洗干净沥干备用。2.胡萝卜、土豆洗净去皮切成小块，洋葱剥去表皮，切块。3.锅子烧热，倒入油，油热倒入步骤2的蔬菜块，保持中火不断翻炒至胡萝卜和土豆表面收紧边缘有些焦黄，盛出备用.4.用锅中余油，爆香姜片和葱段。5.倒入焯水沥干的牛腩块，中大火不断翻炒两分钟左右。6.往锅中加入足量水，烧开，撇去浮末，加入一汤匙料酒。7.烧开后转小火，盖上盖子焖煮两个小时。8.开盖，加入步骤4炒好的蔬菜块，加入三块咖喱块，搅拌煮开，加盖再焖煮10分钟。9.开盖，加入30ml椰浆，搅拌均匀后，试味，如果淡可以适当加些盐，调整好味道，即可出锅。,,,
香辣牛腩,1.牛腩冷水浸泡两小时左右，期间换水2-3次，冲洗干净，沥干水分，切块。2.锅内倒入清水，加入牛腩，一根葱（切四段），姜和花椒粒；水开后撇去浮沫，捞起牛腩。3.将牛腩倒进锅里，倒入高汤或者清水，加入辣椒粉、花椒粉、大蒜头、白糖、大料、香叶、酱油、辣椒酱、料酒等调料，大火烧开后（可以尝一下味道，酌量调整咸淡），转小火炖至牛腩软烂，大约2小时。4.起锅前，加入斜切的青蒜一根洒几滴香油。5.装盘，撒上香菜即可。,,,
蒜香鸡腿排,1.准备好材料，蒜切碎，鸡腿洗净去掉骨头，用刀背两面都拍一拍，让它更易入味。2.将蒜碎和所有调味料搅拌均匀成腌料，将鸡腿肉放入腌料中腌渍1小时以上。3.腌好的鸡腿肉包上锡纸，放入预热好的175度烤箱，烤20-25分钟左右即可。,,,
口水鸡腿,1.鸡腿洗净，冷水入锅，加上姜片，料酒，大火烧开后转中小火，煮10分钟后关火焖5分钟。2.焖好的鸡腿过凉后浸入提前准备好的冰水里迅速激冷。3.激冷的鸡腿捞出，沥干水分，在表面涂上一层香油，稍稍晾干。4.将醋，生抽，白糖和少许盐调成料汁。5.把鸡腿斩块摆盘。撒上花生碎和熟白芝麻。6.淋上料汁和红油，撒上葱花即可。,,,
辣子鸡,1.干辣椒剪成小段儿，别偷懒，最好小一些，好看又好吃。2.鸡腿肉去骨，切成小块儿，基本上是比鸡丁大一点点的样子，在热油里面炸到金黄色（炸熟~）。3.锅里留适量的油，依次放入八角，花椒，葱，干辣椒，炒香（炒香就行，一定别时间太长，容易让辣椒变黑色）。4.把2的鸡肉放入3里面，加盐，少量酱油，适当多一些的糖。翻炒半分钟到1分钟的样子。5.加芝麻，炒匀，出锅吧。,,,
红焖鸡翅,1.鸡翅焯水洗净备用。2.2.葱姜蒜切好备用。3.炒锅油热放入花椒大料粒。4.然后放入葱姜蒜。5.放入鸡翅翻炒一会，加入适量料酒翻炒。6.然后放入老抽，盐，蚝油适量翻炒。7.翻炒均匀放入适量白糖。8.然后加入适量水盖盖焖20分钟。9.待汤汁收干即可关火。10.盛盘撒适量黑胡椒碎，葱花即可。,,,
可乐鸡翅,1.鸡翅洗净，在背面划两刀。2.冷水下锅，中大火煮开，去血腥。3.捞起过凉水，冲洗干净，沥干水分。4.姜切片。5.热锅冷油下入鸡翅，煎至两面呈金黄色。6.倒入可乐（1瓶600毫升）、老抽、生抽、姜、料酒、盐调好味道，大火煮开后改中小火煮至汤汁浓稠，锅里剩少许汤汁既可。7.出锅装盘后，洒点白芝麻（或葱花）既可,,,
孜然鸡翅,1.把鸡翅洗干净用叉子扎眼，使鸡翅好入味。2.放葱姜，小尖椒，生抽，料酒腌制鸡翅半个小时。3.用葱姜，小尖椒，花椒泡水备用。4.起炒锅把腌好的鸡翅煎至两面金黄。5.倒入泡好的葱姜水。6.水沒过鸡翅即可，放少许生抽，少许盐中小火焖五分钟左右。7.等汤快收好时放入擀好的孜然碎和辣椒面，放少许鸡精，翻炒均匀即可。8.关火装盘，撒上芝麻就可以了。,,,
花椒鸡,1.鸡斩块，用料酒、姜片、盐腌好。2.准备青红椒，洋葱。3.准备花椒、姜、蒜、辣椒。4.油锅烧热，下姜蒜炒香，再下花椒。5.出香味了立即倒入鸡块翻炒。6.炒至微微有点焦黄，下生抽、料酒炒匀，加差不多和食材齐平的水，加适量盐、糖， 煮开后转小火。7.煮到汤汁还剩一点点时加入洋葱、青红椒翻炒一分钟即可关火出锅。,,,
新疆大盘鸡,1.提前先把姜和蒜切碎，分别加一点水浸泡。2.锅里水开后，把鸡块焯一下洗干净备用。3.取一个干净的锅，为了让鸡块上色更好看，我们来炒糖色，凉锅冷油（油要多一些）倒入白糖。4.中小火不停的搅拌，一直搅拌到白糖变成棕红色，冒出密密的白色小泡。5.这时候，马上，快速倒入鸡肉（小心，油温很高，别被烫到），快速翻炒上色。6.加入大葱翻炒出香味。7.接着再把先前的姜水、蒜水一同倒入锅中。8.依次加入干辣椒，花椒，生抽，老抽，翻炒几下。9.把啤酒、高汤倒入锅里，一定要没过鸡块。没有高汤用清水代替也可以。10.大火烧开后，加白胡椒粉、十三香和盐，盐不要一次加太多，最后可以再调味，中火炖煮。11.炖煮的时候，我们就可以把土豆、尖椒、洋葱都切成滚刀块，备用。12.鸡炖到七成熟，拿筷子戳一下，发现勉强能戳下去的时候加入土豆块，继续炖。13.熟的时候加入尖椒和洋葱，翻炒一分钟就好了。,,,
蜜汁烤全鸡,1.三黄鸡洗净去鸡尖。2.将酱油40克、孜然粉10克、胡椒粉10克、五香粉10克、分蜜适量、料酒适量、盐适量搅拌在一起调成料汁。3.鸡放盆里，身上用竹签扎遍孔方便入味，全身涂抹料汁，把剩下的料汁泼在鸡身上。4.盖上保鲜膜，放冰箱冷藏一天一夜。5.穿在烤叉上面。6.烤箱预热200度10分钟后，烤叉国定在烤箱里，用锡纸把容易烤黑的鸡翅尖包住。200度60分钟。7.中间要往鸡身上刷一两次油。8.皮薄薄的很酥，但是肉很嫩，味道不错。,,,
滋补老鸭汤,1.鸭子冼净切成大块；将鸭肉放入冷水锅中，大火煮开，待有很多浮沫后捞出鸭肉块，用温水冲洗干净。2.山药去皮切滚刀块；白果去壳，放在水中浸泡后去掉外面的薄皮；莲子去心；姜去皮切成大片备用。3.炒锅中不用放油，放入鸭块翻炒，炒至鸭肉的水分收干，闻着没有鸭的腥味，关火盛出。4.炒过的鸭块和除山药以外的所有材料放入炖锅中，倒入水没过材料，大火煮开，改小火炖约一小时，再放入山药块继续炖半个小时，出锅前加入盐调味。,,,
盐水鸭,1.首先将片鸭洗净，装盘备用。2.葱、姜切片，香菜整条备用。3.将锅烧热后，放入盐、花椒、五香粉，炒至盐表面变黄时，倒入碗中。4.将炒好的调理均匀的涂抹在鸭的表皮上备用。5.在锅中放入清水和腌好的片鸭。6.再放入葱、姜、八角和剩下的盐卤，盖上锅盖改中火炖20分钟。7.20分钟后关火，等汤汁冷却后捞出片鸭，放在案板上斩成块。8.再撒上一些香菜做为装饰即可。,,,
卤鸭,1.鸭子洗净沥干水分。2.准备好卤料卤料包里有十几种卤料的佐料（草果1颗，花椒5G，甘草5G，桂皮5G，八角5G，小茴香5G，三奈5G、甘菘3G、砂仁5G、草豆蔻3G、丁香5G），如果不够浓可以自己在加点八角、香叶、桂皮等这些佐料、在加入生姜、干辣椒等这些进行熬煮。3.锅中加入适量水、煮开加入生姜、干辣椒、卤料包、盐、生抽、少许的鸡精和糖等佐料煮开、：（另外我加入了红曲卤的鸭子颜色更好看）。4.煮开后放入鸭子用大火卤开十分钟。5.鸭子翻身在用大火卤十分钟。6.在用小火卤十分钟后关火把鸭子泡在卤水中十分钟捞出。7.晾凉切片装盘即可。,,,
土匪鸭,1.准备鸭腿三个。2.把鸭腿剁成块，冷水入锅焯一下捞出控水。3.小葱切成段，姜切片，蒜切片。4.准备干辣椒段和花椒粒。5.准备干辣椒、花椒粒、陈皮、桂皮、八角、草果、香叶等香料。6.郫县豆瓣用刀剁碎。7.锅烧热倒入菜籽油，油热后放入花椒粒，干辣椒段和葱姜蒜煸炒出香味。8.放入郫县豆瓣煸炒出红油。8.放入郫县豆瓣煸炒出红油。10.沿着锅边倒入白酒。11.倒入生抽。12.再倒入少许红烧酱油，微微上色就可以了。13.放入冰糖，继续翻炒，一直翻炒到鸭子出油变干。14.放入所有香料。15.倒入一瓶啤酒，量没过鸭子，煮开后关小火，盖上锅盖炖煮。16.煮20分钟后打开锅盖加入盐。17.加入鸡精，开中火继续煮15分钟。18.15分钟后开大火收汁，汤汁收到图片状就可以关火了。19.盛出鸭子，撒入葱花就可以了。,,,
蜜汁烤鸭腿,1.在鸭腿的皮上用刀叉戳些小孔（在受热的过程中，释放掉皮下脂肪）。2.撒上黑胡椒、姜片、烤肉料、蚝油、盐。3.挤入柠檬汁。4.再放一片切成丝的柠檬皮。5.用手反复按摩，盖保鲜膜后，冷藏3小时。6.取出鸭腿，用厨房纸擦去渗出的汁水。鸭皮朝下放入烤盘，佐料也一起放上。7.200度烤30分钟。鸭腿取出后，拿掉表面上的佐料。8.换一张锡纸，刷上一层蜂蜜水，在用锡纸包住鸭腿的骨头，避免烤焦。再入烤箱烤20分钟。9.配菜洗净备用。10.装盘，撒少许黑胡椒粉，即可上桌。,,,
酱香鸭腿肉,1.鸭腿洗净，用牙签扎一下鸭皮，再用厨房纸巾吸干水分。2.锅中抹上底油小火煎鸭腿，先放有皮的一面。3.煎至两面微黄捞出。4.黄酱用适量生抽调开，加入甜面酱和酱豆腐调成酱汁（也可倒入适量酱豆腐汁）。5.准备好葱姜、八角、桂皮、香叶等香料。6.另起锅加入足量的水烧开，放入花椒、八角、香叶、桂皮、葱姜，倒入调好的料汁，放入鸭腿，加入适量的黄酒（没有就直接用白酒代替了），冰糖，大火烧开转小火炖1小时。7.40分钟后可以加入少许的盐调味，为了鸭腿更好的上色，中途可以给鸭腿翻一下面，一小时后关火泡上1小时，让鸭腿更好的入味。8.泡上1小时后开大火收汁上色，大概煮5分钟左右把鸭腿捞出，汤汁继续收成拉黏的状态就好了。9.捞出的鸭腿趁热切块儿，摆盘浇上浓浓的酱汁就好了。,,,
椒麻手撕鸡胸肉,1.鸡胸肉洗干净冷水下锅，放入姜片，葱段煮熟。2.葱切成段，小米椒切成粒。3.洋葱切成丝，青椒切成丝。4.鸡胸肉煮熟后放入干净的盆中放凉后用手撕成丝。5.青椒洋葱放入开水锅中烫一下，不要时间太长，放进去用勺子搅拌一下就赶紧捞出。6.把烫熟的青椒洋葱，小葱，小米椒倒入鸡丝中。7.放入盐（5克），鸡精（3克），耗油一勺，味极鲜（少许），辣椒油（两勺），花椒油（两勺），橄榄油（一勺），白糖（4克），醋（少许）再加入纯净水少许搅拌均匀，再撒入熟芝麻搅拌均匀即可以装盘了。,,,
西芹核桃仁炒鸡胸肉,1.西芹洗净、撕去老筋，切成细长菱形状备用。鸡肉切成长条状，加适量料酒和盐腌制20分钟。核桃仁掰成两半。2.起锅倒入芥花油，爆香姜丝。3.放入腌制后的鸡肉翻炒至变色。倒出来备用。4.再次倒入适量油，放入核桃仁炒香。5.放入西芹略加翻炒，至西芹稍软。6.倒入炒好的鸡胸肉，翻炒均匀。7.放入泡软的枸杞翻炒均匀。8.倒入李锦记蒸鱼豉油。9.翻炒均匀即可出锅。,,,
烤面包鸡胸佐圣女果色拉,1.最好选用法棍面包，切小粒，淋上少许橄榄油撒上大蒜粉，入200度烤箱烤至焦脆即可（可以一起烤玉米）。2.鸡胸肉提前用黄糖、洋葱粉、盐、黑胡椒、辣椒粉和少许橄榄油腌制40分钟，然后加入蒜末和烧烤酱，入烤箱220度烘烤15分钟。3.烤至两面微焦即可取出冷却后切块备用。4.所有食材准备好：圣女果切小块、牛油果去皮切小块、烤玉米剥出仁、香葱切段等等。5.调制酱汁，把酱汁所需的食材混合（蜂蜜2汤匙、芥末酱1.5汤匙、蒜末1瓣、盐1/4tsp、黑胡椒1/4tsp、白醋1/4cup、特级初榨橄榄油2/3杯），然后把所有食材混合均匀，将酱汁淋在表面。6.可以摆盘了，表面再撒少许香菜点缀一下。,,,
水蒸蛋,1.准备好四个鸡蛋和蒸蛋碗。2.把鸡蛋打人碗中。3.用筷子朝同一个方向打散。4.加入适量盐继续打散。5.然后加入同鸡蛋液同等的温水继续朝同一个方向打散。6.锅中放入适量的水等水烧开后把鸡蛋液放进锅中。7.大火煮15分钟左右，煮好后滴入几滴香油。8.再撒上少许葱花即可。,,,
鸡蛋饼,1.准备好四个鸡蛋，把鸡蛋打人碗中。2.加入葱花、少许盐，用打蛋器搅拌匀。3.锅中油烧热，倒入蛋液，不可用铲子翻动，待贴锅那面蛋定型后，再翻过来。4.待两面都熟透后，成饼状，出锅！用刀将鸡蛋饼切成三角状，装盘即可,,,
英式炒蛋,1.准备食材：鸡蛋、黄油、葱、黑胡椒粉、盐。2.黄油放平底锅内，小火至黄油融化。3.鸡蛋不用打散，直接打入锅内，搅拌。4.蛋液稍微凝固，放入盐调味。5.凝固成湿块并闻到黄油香味时，放入黑胡椒粉，搅匀。6.蛋液全部凝固，放入香葱，翻拌匀即可。,,,
蘑菇炒鸭蛋,1.锅烧热倒入适量食用油，鸭蛋打散倒入，滑炒盛出来。2.锅中再倒入适量食用油，下入生姜和香葱。3.下入蘑菇，翻炒～这个时候会有点干，撒点盐把蘑菇的水分炒出来。4.下入鸭蛋继续翻炒均匀，调入适量味精，糖。5.撒入蒜薹翻炒几下出锅装盘就好了。,,,
姜丝炒鸭蛋,1.准备材料：鸭蛋、姜、米醋、凉白开、料酒或黄酒（有的人不喜欢鸭蛋的土腥味，去腥）。2.姜丝尽量切的细一些。3.碗中磕入鸭蛋，放入姜丝和适量的盐，放入一汤匙水和几滴米醋（不喜欢鸭蛋土腥味的可以滴几滴料酒），搅拌均匀。4.起锅开火倒入油，油八分热时倒入鸭蛋姜丝液，待蛋液稍凝固开始后用筷子轻轻扒拉一会就可以关火装盘。,,,
自制咸鸭蛋,1.挑选鸭蛋备用。2.鸭蛋表面比较脏，用干净的毛巾蘸满白醋擦拭干净。3.用白酒浸泡鸭蛋一到两分钟（可以倒入一个碗中挨个浸泡不浪费）。4.将晾干的鸭蛋均匀的裹满食用盐。5.将裹好的鸭蛋放入保鲜袋中，可以将剩余的盐倒入保鲜袋中，盐可以多一些，扎进保鲜袋。6.将鸭蛋放在太阳底下暴晒一天，暴晒以后的鸭蛋多套几层保鲜袋保证完全密封，放在通风干燥处。7.三个星期的时候煮熟的样子有一点点要出油了，味道已经很好吃了。8.三十五天煮熟的样子已经出油了，味道特别香，吃这时候的咸鸭蛋中间有一点沙沙的，蛋清很咸蛋黄也有一定的咸味，很美味。,,,
蒜香五花肉烧鹌鹑蛋,1.提前把鹌鹑蛋煮好，剥皮洗净。青蒜去根去皮洗净，红椒切一半，去筋去籽洗净。姜去皮洗净。五花肉用清水洗净备用。2.把五花肉在案板上切成麻将大小的块状。3.青蒜去叶~留杆。4.然后把青蒜杆在案板上切成段状，长度一寸。5.红椒切成四厘米宽的条状。6.再改刀切寸长的丁。7.姜切成随意大小的片。8.把切好的食材和部分配料装盘备用，这样方便炒菜时用。9.锅内加食用油两克，把切好的五花肉倒入锅内，开小火煸炒五花肉。10.小火慢煸，把五花肉内的油煸出，这样做，五花肉吃起来不腻，而且煸出的油炒菜~菜更香。11.大至把五花肉煸至成出油而且变的焦黄即可。然后把姜片倒入锅内，同时加盐一克，炒制这个菜，盐可以提前放的。12.接着，把鹌鹑蛋下锅少许翻炒。调微火进行调味。13.往锅内加胡椒粉一克。14.白糖两克。15.红烧酱油两克。16.然后，用锅铲把鹌鹑蛋和五花肉翻炒一分钟，让其上色。17.待五花肉和鹌鹑蛋上色后，往锅内加适量的清水。18.清水大至把食材淹没为好。然后盖锅盖，调成中火烧三分钟，再改小火炖两分钟。19.五分钟后，锅内汤汁还剩三分之一时，把切好的青蒜杆和红椒倒入锅内，微火焖烧一分钟，锅内汤汁变浓时，开始进行调味。20.往锅内加味精少许。21.耗油五克倒入锅内，翻炒均匀出锅装盘，这道菜算完成了。22.再撒上大葱和红椒丝做点缀，显得这道菜更漂亮了。,,,
酱烧黄金鹌鹑蛋,1.准备所有酱料：李锦记黄豆酱、李锦记天成一味鲜酱油、李锦记卤水汁。2.鹌鹑蛋煮熟后去皮擦干水份。3.小葱切段，大蒜切片。4.平底锅倒油放入鹌鹑蛋煎制。5.煎制到颜色金黄放入葱段蒜片炒香。6.放入一勺李锦记黄豆酱。7.放入李锦记天成一味鲜酱油。8.放入李锦记卤水汁。9.倒入开水，开水的量可以多放点也可以没过鹌鹑蛋就可以了，盖上锅盖中火炖煮15分钟。10.十五分钟后汤汁变得少了就可以关火了。11.装盘撒入葱花即可。,,,
糖醋虎皮鹌鹑蛋,1.准备好食材，鹌鹑蛋洗净。2.锅中放适量水，把鹌鹑蛋放去煮。3.煮的时候放一小勺盐，大概煮10钟即可。4.煮好的鹌鹑蛋放在水里面放凉。5.先把葱和姜切末。6.放凉后的鹌鹑蛋放在一个玻璃容器，上下左右晃动玻璃容器，这样做是为了好剥壳。7.然后把鹌鹑蛋倒出来一个个把壳去掉。8.准备一个干净的碗，碗里面放适量水，然后加两勺番茄酱，加一勺糖和适量生抽，搅拌均匀。9.锅里放油，油要比平时炒菜多一点。10.油烧至7分热时把沥干水分的鹌鹑蛋放入去煎。11.煎至两面金黄即可捞出沥干油备用。12.锅里留一点底油把葱和姜放去爆香。13.然后把炸好的鹌鹑蛋放去一起炒。14.把刚调好的汁倒入锅中。15.然后等慢慢收汁，汤汁收的差不多即可出锅装盘。,,,
红烧鲫鱼,1.鲫鱼去腮洗净，顺着打成斜刀口。2.葱切片，姜切片，蒜切块。香菜洗净切段。3.香菇洗净切片，冬笋洗净切片。4.五花肉切片。5.锅内下300克色拉油，大火将油烧至7成热，即油表面有青烟大量上升时，下清理好的鲫鱼，炸熟备用。6.取净锅，下15克色拉油，大火将油烧至7成热，即油表面有青烟大量上升时，下大料2颗，五花肉3克，花椒5克，大火爆香。7.此时下葱姜蒜各5克，蚝油10克，放料酒10克，炒香后加香菇5克，冬笋10克，翻炒。8.加500克清水，加盐5克，味精5克，鸡粉5克，白糖15克，米醋10克，胡椒粉5克，老抽5克，大火烧开。9.大火烧开后，放入炸好的鲫鱼，转中火炖15分钟。10.最后大火收汁，出锅撒香菜5克。一道美味可口，色香味俱全的红烧鲫鱼就展现在大家面前了。,,,
香辣烤鲫鱼,1.准备鲫鱼，请卖家给宰杀干净。2.从背部切开，将鱼腹内黑膜洗净，控水。3.鱼放容器内，放入姜末。4.放入蒜末。5.放入白胡椒粉。6.放入味精。7.放入糖。8.放入盐。9.放入料酒。10.放入生抽。11.用手抓匀，按摩鱼腹五分钟入味。12.鱼身同样按摩五分钟，腌制两个小时（时间越长越好）。13.烤盘铺锡箔纸，将鱼腹朝上摆入。14.均匀的撒入孜然粉、辣椒面、盐、白芝麻。15.将鱼身上均匀的刷上油，烤箱180度预热五分钟。16.将几根香菜叶放在鱼上。17.将烤盘放入烤箱中下层，180度烤20分钟。18.戴隔热手套将烤盘取出，将香菜夹出弃之，小心的将鱼翻面，再次撒入孜然粉、辣椒面、盐、白芝麻。19.再次将鱼身上刷油。20.将洋葱放在鱼身上，香菜就留下点菜叶末，其他的也放上。21.放入烤箱，继续烤15到20分钟。22.“叮”时间到，将鱼小心夹出、改盘，香菜夹出弃之，最后将香菜末撒上去即可。,,,
鲫鱼豆腐汤,1.在鱼身上划几道。锅中热油，鲫鱼两面略煎一下，盛出备用。2.豆腐切块。3.煎好的鲫鱼放入锅中，加清水，放入料酒、葱姜蒜。4.煮至汤色变白，放入豆腐块。小火慢炖5分钟。5.开盖后调入适量盐即可。,,,
葱烧黄鱼,1.挑选新鲜，大小适中的黄鱼2条。2.去鳞去内脏后用水洗净后控干水份，备用。3.鸡蛋一只打入碗中，搅拌成蛋液备用。4.葱切长段，姜切片，干辣椒、大料、蒜瓣洗净备用。5.将鱼放入蛋液中，整个鱼身均匀蘸满蛋液。6.炒锅中倒入适量的色拉油，油温7-8成热时放入蘸好蛋液的鱼。7.一面煎至微微金黄色时，将鱼翻面继续煎，两面金黄色时控油捞出备用。同样方法煎另一条。8.准备烧鱼的调料：酱油、醋、白酒、白糖、盐。9.锅中剩余的油继续烧鱼用，首先放入大料和干辣椒爆出香味。10.再放入蒜瓣和姜片炒出香味。11.最后放入葱段爆香。12.加入适量的白糖、酱油、米醋、白酒后，倒入适量开水。13.水沸腾后放入煎好的黄鱼，加水量以基本末过黄鱼为宜，盖上锅盖大火焖烧十分钟左右。14.加入少许盐调味后转中火或小火继续烧10分钟左右，此时锅中汤汁已经不多了，转大火猛烧1-2分钟收汁即可关火。,,,
清蒸黄花鱼,1.黄花鱼洗净，去鳞、肠、腮等，再次冲洗干净，控净水，在鱼身上每隔半公分切斜一字刀。2.蒜拍切成蓉，加适量盐拌匀，拎起鱼尾，两面抹上蒜蓉（切开的鱼肉处要抹进一些）腌制20分钟。3.姜葱切丝，放在鱼身上，将料酒均匀地洒在鱼身上。4.蒸锅烧开，将鱼放在锅里，同时用一小容器装上蒸鱼豉油，盖盖大火蒸8分钟，再虚火蒸2—3分钟取出，去掉葱姜。5.葱姜切丝，指椒切粒，放在鱼肉上，将已蒸熟的豉油浇上。将一至两汤勺的油加热至八九成热，浇在鱼肉上即可。,,,
茄汁黄鱼,1.黄鱼或煎或炸至金黄。2.炒番茄酱加水调味。3.加入黄鱼炖煮。4.放入玉米青豆收汁即可盛盘。,,,
香煎带鱼,1.带鱼去掉鱼鳍以及内脏、鱼鳞、头尾，清洗干净后，攥干水分备用。2.准备好相应的腌制配料：大葱丝、姜丝、干橙皮、花椒、十三香、盐和白酒。3.所有配料放入鱼中，橙皮也撕成小块，会更好的挥发气味，在倒入几滴白酒。4.抓拌均匀。5.拌匀后放入食品袋中，挤出口袋中的空气，放入冰箱冷藏过夜，中途口袋可以翻个面，会叫腌制更均匀。6.腌制好以后，把带鱼中的辅料挑出来，辅料不要丢弃。7.在找一个干净的食品袋，放入大约50克的面粉。8.放入鱼块，一次性不要放入太多，否者不好均匀，袋子充气后摇一摇，面粉会通过晃动包裹到鱼上。9.用筷子抖动掉多余的干面粉。10.复底煎锅，放入油。比炒菜稍微多一点，再放入腌带鱼用过的辅料，中小火来炒。11.辅料完全脱水，充分挥发出香气后，在挤出油，也就发挥完了他的所有价值，就可以丢弃了。12.辅料清理干净后，用锅子里剩余的油来煎鱼，一来香料味道更浓郁，二来因为锅子炒过姜丝，煎鱼不容易粘锅。13.煎鱼的时候，锅子的温度稍微高一点再放鱼块，可以更好的定形，放入鱼块后锅子继续选择中小火，慢慢的煎，感觉定型以及能上色了在翻面。14.切记不要不停的翻动鱼块，鱼块放入锅中，先会变的特别软嫩易碎，然后慢慢变硬成型，所以不要经常翻动，越动越碎，两面都煎熟煎透即可。,,,
家常烧带鱼,1.所用食材，洗干净。2.洗干净的带鱼切段，用盐腌十分钟，然后裹上面粉，再静置十分钟。3.切姜、蒜末、葱花，青红椒切成小块。4.锅中加油烧至七成。5.放入带鱼段，煎至两面金黄。6.把姜蒜放在带鱼边上的油里，煎出香味。7.倒入生抽、料酒闷一会，然后加入清水、盐、香醋，大火烧开小火炖八分钟。8.放入青红椒，盖上锅盖，焖两分钟。9.调好淀粉水勾芡，大火收汁，淋上香油装盘，撒上葱花即可。,,,
清蒸带鱼,1.带鱼提前剁块，大葱、红椒、姜、香葱洗净。2.大葱、姜切片、红椒切丝、切葱花。3.带鱼加姜片、大葱片、料酒、少许盐腌制十分钟。4.一起腌制的姜片、大葱片全部夹出来不要，重新放上剩下的姜片、大葱片。5.锅里水烧开，上锅蒸6至7分钟。6.取一净碗，加蒸鱼鼓油和一汤勺开水调匀。7.蒸好后端出，夹出大葱片、姜片，蒸出来的汤汁倒掉。放上红椒丝。8.锅里烧少许热油。9.淋在红椒丝上，倒入调味汁、撒上葱花即食。,,,
黄豆酱蒸鲳鱼,1.鲳鱼洗净，在头部旁边划开一个小口子，扣掉鱼肠和鱼鳃，再冲洗干净。在鱼的两面都划上两道口子方便入味。2.大蒜去皮拍扁，姜切片，葱切段。3.鱼放盘子里，用手在鲳鱼的两面都均匀地抹上一些盐和料酒。4.放置腌制15分钟。5.在腌制好的鱼的表面和下面都放一些姜蒜，然后开始抹黄豆酱。6.在鱼的表面均匀地抹上一层黄豆酱即可。7.锅中烧开水，放入码好调味的鲳鱼，放上葱段，隔水大火蒸10-15分钟。具体的蒸制时间根据鲳鱼的大小调整。判断鱼是否熟的方法：用筷子夹一块鱼肉，如果鱼肉与刺分离则表示熟了。8.淋上少许蒸鱼豉油。豉油提鲜的。9.撕一些葱条，切几个干辣椒装饰点缀即可。,,,
家常红烧鲳鱼,1.鲳鱼去内脏后用水冲洗干净，在鱼的身上两侧斜划两三刀。2.加入盐，料酒5ml、姜片腌制片刻。3.大蒜切片、辣椒切圈、小葱切碎。4.将鲳鱼两面拍上少许干淀粉备用。5.炒锅烧热，用姜块擦拭锅底，放入少许油烧热，将鲳鱼放入锅中，用小火煎至两面金黄色后，盛出沥油。6.锅留少许底油，爆香葱、姜、蒜片，下鲳鱼、加入生抽、老抽、料酒、白糖。7.再加入适量清水（水与鲳鱼持平），大火烧开后转小火煮至汤汁浓稠，将鲳鱼盛出盘中。8.剩余的汤汁用水淀粉勾芡淋在鲳鱼身上，最后撒上香葱即可。,,,
干煎椒盐鲳鱼,1.将鱼清洗干净，两面切上斜刀，抹上一层料酒和细盐，腌制10分钟，去腥入味。2.将鱼清洗干净，两面切上斜刀，抹上一层料酒和细盐，腌制10分钟，去腥入味。3.在鱼身两面拍上些干面粉，不用太多。4.平底不粘锅烧热，倒入适量油，下入葱姜蒜煸出香味。5.从大火转成小火，下入鲳鱼煎，煎的时候撒上些椒盐。6.煎至两面略焦黄即可出锅转盘了,,,
酱香山药青鱼,1.青鱼洗干净，斩块，加少许盐和料酒，抓拌均匀，腌制1小时。2.山药斜切成块，开水煮2分钟，备用。3.锅里适量油，爆香葱姜，倒入鱼块大火翻炒。4.加入适量清水，快要没过鱼身即可！加入山药，然后加2勺老抽，2勺蚝油，一点点郫县豆瓣酱，一点点黄豆酱，2勺白糖，少许十三香。5.盖盖子大火炖10分钟，然后开盖子收汁，起锅前，加一把青大蒜就可以啦。,,,
枸杞酒酿蒸咸青鱼,1.咸青鱼切成合适大小，用料酒和姜腌制。2.在咸青鱼上铺一层酒酿和枸杞适量。3.锅里水烧开，放入咸青鱼蒸15分钟，撒些小葱即可。,,,
青鱼烧豆腐,1.青鱼洗净切块，豆腐切3*5*1小块，蒜瓣切片。2.青鱼用热锅凉油煎两面黄，豆腐块也煎黄备用。3.锅加少许油烧热，放姜片，蒜片煸炒出香味放煎好的鱼块，豆腐块加料酒，酱油，盐，豆瓣酱，糖，加漫过鱼身的水大火烧开，该中小火慢炖30分钟使鱼和豆腐入味，后改大火收汁即可盛盘。,,,
大蒜烧黑鱼,1.去鳞去鳃宰杀后的黑鱼清洗干净。2.大蒜瓣洗净， 大葱切段，生姜切片。3.黑鱼切成8厘米左右的段，中间再划2刀，加入1茶匙盐。4.再加入胡椒粉、味精、1汤匙黄酒，用手抓匀，腌制30分钟入味。5.用厨纸吸去鱼段表面的水分。6.锅烧热，加入适量的油，油温升至7成热时放入黑鱼段。7.中火煎至两面金黄金黄盛出。8.另起油锅，放入葱姜蒜，炒至蒜瓣微黄。9.放入煎好的鱼段， 加入剩余的黄酒、米醋、酱油、盐1茶匙、白糖，再放入适量的水大火烧开。10.转中火加盖炖煮10分钟，开盖大火烧至锅内汤汁浓稠即可。,,,
番茄黑鱼汤,1.黑鱼洗净片成鱼片。2.鱼片用料酒、盐、黑胡椒抓匀，放入葱姜，盖上保鲜膜放入冰箱冷藏半小时。3.番茄洗净上下均划十字。4.放入沸水中汆烫去皮。5.去皮后切成小块。6.锅内倒入适量的油，下葱姜爆香。7.放入鱼头鱼骨煎炸。8.倒入适量清水，加盖焖煮。9.直到鱼汤发白。盛出备用。10.锅内入少量油，煸炒至番茄出汁。11.倒入鱼汤、番茄酱拌匀。12.一片一片下鱼片。13.最后大火翻炒至鱼片熟，汤滚后关火撒盐即可出锅。,,,
麻辣水煮鱼,1.黑鱼洗净滴干水。2.千张，金针菇，香菜和葱洗净。3.鱼沿着中间那根大骨，对半剖开。4.再用力斜着切掉肚子上的刺和旁边的刺。5.然后切成薄片。6.把切好的鱼片放盘中，放入料酒，生抽，胡椒粉和生粉腌制十分钟。7.千张切粗丝。8.姜切红，蒜切粒，葱切碎，香菜切段，备好花椒和干红椒并洗净。9.锅中烧水焯熟千张，捞岀。10.再放入金针菇焯熟。11.将焯熟的菜放入大点的碗中。12.锅中烧油，放入姜，红椒，花椒，和一半的蒜爆香。13.再放入老干妈油辣椒，豆瓣酱，和剁椒，炒岀红油。14.红油炒岀后放两小碗水，并放入盐，老抽，烧开。15.水烧开后，再烧五分钟，将干红椒的辣味煮岀来，然后倒入鱼片，煮熟，并调入鸡精和胡椒粉。16.将煮好的鱼片倒入大碗中。17.上面放上剩下的蒜，葱，和辣椒粉。18.锅中烧油。19.将烧热的油浇在辣椒粉上，滴上芝麻油，撒上香菜，即可。,,,
柠檬盐烤虾,1.新鲜草虾洗净去肠，放一丢丢盐腌渍10分钟，然后关键是用柠檬片涂抹一遍虾全身又变成水灵灵嫩嫩哒，然后一只虾隔一片柠檬片整齐的排列在盘子里，均匀的撒上黑胡椒粉。2.烤箱上下180度预热10分钟，把虾放入 ，直到虾变红约15分钟取出，原汁原味又鲜嫩得虾既成。,,,
黑胡椒奶油虾,1.草虾洗净，去头脚，开背去肠泥备用。2.锅内放入奶油、洋葱丁和蒜片爆香备用。3.将黑胡椒1/2小匙、白胡椒1/2小匙、耗油3大匙、米酒1大匙、糖1大匙调味料拌匀备用。4.草虾摆盘，加入作法2，再淋上调味料，蒸锅内放入水，蒸10分钟即可。5.起锅后，可洒上葱花或香菜更美味。,,,
沙茶干烧虾,1.草虾去头、脚，用竹签从尾部插入，让虾保持挺直备用。2.葱、姜、辣椒切末备用。3.热锅，倒入适量的油，加入葱姜蒜报香。4.加入1大勺牛头牌沙茶酱、2大勺米酒、1大勺糖和草虾翻炒。5.加200cc的水，炒至汤汁收干即可。,,,
油焖大虾,1.新鲜明虾，剪去须、爪、嘴，以整齐美观，入口方便。2.从背部剪开，至尾端，挑去黑线。剪口不要正中，偏一点为宜，以免破坏黑线。3.清洗干净，控净水分备用。姜蒜切细（约1:3），香葱切段。4.锅中多倒油，烧至约6、7成热，投入大虾，迅速翻面，变红起酥即捞出。5.锅中留少许油，下姜蒜炒香，中火，下番茄酱（约3小匙），或去皮切碎的西红柿（只要约3小匙的量），炒出红油。6.投入大虾，沿锅边烹入少许料酒、生抽（不能是深色酱油），洒入约3小匙白糖，以炒勺轻压几下虾脑，挤出红汁，大火炒匀，倒入约小半碗温水，大火烧开，小火盖闷。7.约1、2分钟后，开盖，投入葱段，加盐调味，大火收汁，约20来秒，见汤汁收紧、油亮、颜色变深时，即可出锅。,,,
日式炸虾,1.大明虾去头剥壳，留下尾部的一小段壳。洗净沥干。2.1个鸡蛋入碗打散，2勺淀粉，3勺面包糠分别装小碗。用小刀在明虾腹部等分轻划3刀，轻拍虾背，保持身材笔直。明虾加1勺料酒，适量盐腌制15分钟。3.腌好的明虾分别依次裹上淀粉，蛋液，面包糠。4.入油锅炸至金黄即可摆盘。,,,
香煎大明虾,1.大明虾洗净，剪掉多余的须，开背去除虾线。2.虾放入盆中，加葱花、姜片、盐腌制20分钟。3.黄油少许入锅融化后，放入虾，正反两面煎至虾壳酥脆。西兰花正反两面煎至稍变软。4.煎好后撒少许椒盐即可摆盘食用。,,,
蒜蓉粉丝虾,1.虾去头去须，平刀开背。2.姜切末，蒜切蒜蓉，葱取葱白部分切花，葱绿切葱花。姜末、蒜蓉、葱白花放入一碗中。3.热油烧至八成热，倒入装姜末蒜蓉葱白的碗中。4.生抽、老抽入粉丝搅拌，装入盘中，摆上开背的虾。5.将热油炝过的姜末葱白蒜蓉均匀撒入虾中。6.均匀调入盐，鸡粉，胡椒粉，生抽，料酒，油。7.蒸锅烧开，入锅蒸5分钟即可。,,,
白灼基围虾,1.把虾洗干净多洗几遍。2.剪虾须挑虾线。3.姜块部分切片部分切末、蒜切末。4.锅里放凉水放料酒和姜片，烧开后把虾倒入锅里大火煮。5.煮到虾变红色自然弯曲浮起来关火。6.用漏勺捞出控水自然晾凉。7.把姜末蒜末放小碟子里，放生抽香醋辣椒油搅拌均匀。8.摆好盘即可。,,,
口水虾,1.新鲜基围虾剪去虾须，剔除虾线。2.起锅倒油，爆香葱姜。3.把虾放锅里煸炒三分钟。4.倒入生抽和料酒。5.再加入盐。6.最后加入，蒜蓉和剁椒酱。煸炒几下出锅。7.加点葱丝点缀即可。,,,
油爆虾,1.河虾清理干净控干水份，锅中放宽油，油温六成热放入虾炸至变色控油备用。2.姜未，青红椒未，小葱花，蒜未，香菜未，盐，糖，料酒，胡椒粉，醋，生抽，胡椒粉，香油，调成碗汁。3.锅烧热，倒入炸好的虾，翻炒几下后烹入料汁，翻炒均匀出锅装盘。,,,
韭菜炒河虾,1.小河虾处理干净洗好控干水分备用。2.红干辣椒洗净切段，这道菜辣一点会比较开胃下饭儿，不喜欢吃辣的可以少放一点点。3.韭菜洗干净切段。4.热锅温油，把辣椒炸一下过油炸出香味，注意火不要太大，防止辣椒焦了，影响菜色，这个时候如果想让最后摆盘漂亮，你可以捞出一些辣椒留最后撒在菜上点缀也可以。5.倒入河虾爆炒至变色。6.倒入韭菜段，并加入盐。7.然后快速翻炒均匀，只十几秒钟即可关火盛盘，时间不要长，炒老了可就影响口味了哦。,,,
醉虾,1.活河虾买回放盆里养1个小时（中间换5次水）。2.碗里放入切碎地青椒、小米辣、小葱、香菜、姜末、蒜末、盐、鸡精、酱油、醋、白糖、腌制15分钟。3.用小碗放入、白酒、黄酒1：4。4.把虾捞出装碗倒入调好的黄酒、白酒盖上盖子1分钟。5.再把腌制好的调料倒入碎虾碗里盖上盖子，等虾醉了就可以食用。,,,
姜葱炒梭子蟹,1.梭子蟹清洗干净，去除尾部去蟹腮，用毛刷刷干净，由蟹肚中间剖开，再分切成6块；蟹钳用刀背略砸破；姜切丝，葱切段，蒜切片。2.取适量生粉放入盘中，将切块的蟹两面均匀沾上生粉（使蟹肉细嫩及锁住蟹肉），钳及壳不用沾粉；锅中多放些油烧热后，先放入姜丝蒜片略煸香，再将所有梭子蟹块一同放入锅中煸炒。3.大火爆炒至颜色变红，调入多一些的黄酒，适量白糖，美极鲜酱油（可根据个人口味再决定是否需要再加一点点的盐，因酱油本身已经含盐）翻炒，可添加少许水使食材湿润，出锅前撒上葱段再翻炒两下即可。,,,
秘制香辣蟹,1.挑选新鲜螃蟹，放入水中清洗，将肚脐解下，然后将蟹盖揭开，撕去螃蟹的腮，然后将清洗干净的螃蟹一剁两半。2.螃蟹加入盐1/2小勺、白酒1/2小勺腌制10分钟，然后在螃蟹盖、外壳以及刀口处蘸一层干粉，芹菜洗净去掉叶子后切断、葱姜、豆瓣酱和辣椒切碎，大蒜剥皮备用。3.锅里放油，油六七成热时，让沾有淀粉的螃蟹下锅炸，炸至螃蟹表面金黄即可捞出，将大蒜下锅炸至金黄，将油倒出，将芹菜下锅炒熟。4.另起锅放一勺油，油热后将剁碎的豆瓣酱下锅煸炒出红油。将辣椒、花椒和葱姜下锅爆香，将过油的大蒜和螃蟹入锅翻炒，加入半小勺生抽和1小勺糖调味。5.最后将芹菜下锅翻炒均匀即可出锅。,,,
梭子蟹粉丝煲,1.梭子蟹剥掉蟹盖，去除杂质，洗净后对半切。2.梭子蟹的横切面放在干淀粉里蘸一下。3.煸香葱姜，把梭子蟹放入油锅中煎到封口。4.粉丝放入冷水中泡软。5.倒入料酒和较多的水，把梭子蟹煮熟后捞出。6.转小火，把泡软的粉丝放入蟹汤中，不断地搅拌，使其浸饱汤汁后捞起。7.取一个煲，白蟹铺底，粉丝洒在上面，用大火烧开即可。,,,
清蒸大闸蟹,1.把大闸蟹放在清水里洗净，养半天。用细绳把大闸蟹的两个夹子和八条腿扎紧成团状。2.姜末、镇江香醋、白糖调调成蘸料。3.蒸锅中放清水，丢几片姜片、葱结、盐入锅，水开后把蟹蟹腹朝上倒放，蒸15分钟。4.取出后解去细绳，装盘即成。,,,
国宴级醉蟹,1.先把姜片，花椒，香叶，八角，放入一个小锅里，加点黄酒盖没就可以，煮开，待冷却用纱布包起来备用。2.找个干净的大碗，加入糖，盐，味精，黄酒，和刚才煮的香料纱布包，一起搅拌至糖融化。3.加入白酒，搅匀，保鲜膜包好，冷藏。醉卤好了。4.生醉：用高度白酒喷一些在蟹里，晃一下，等蟹醉晕过去，就可以用干净的布把蟹擦干净，放进醉卤里了，这是生醉，生醉是改变蟹肉的分子结构，口感的变化。醉5天以上。5.熟醉：把蟹煮或蒸，煮的话冷水下锅，水开后15分钟就好了，开水下去会导致蟹脚全部脱离。蒸的话，就直接蒸，把蒸好的蟹放进冰水里，急冷，这样肉质不会老。或者把蟹放外面，等蟹冷却后，擦干净，放醉卤里。1天后可吃。,,,
美味鸡煲蟹,1.鸡整理干净后用刀成块，加入生抽、蚝油、盐、糖、料酒、淀粉腌制20分钟。2.大闸蟹洗净斩件，钳子敲裂，用胡椒粉、料酒腌渍放入干淀粉拍均匀。3.起锅倒入约平时炒菜两倍的油，入姜、蒜爆香，爆香后加入大闸蟹翻炒。4.大闸蟹变红后放入葱段，盐、少许糖，将大闸蟹炒至两面金黄捞出待用。5.再起油锅，加入葱段、姜片、蒜瓣炒匀，加入腌制好的鸡块炒至干身。6.倒入大闸蟹翻炒，加入约300ml清水，大火烧开转中小火煮5--10分钟，煮至收汁即可。,,,
蛏子丝瓜汤,1.将蛏子洗净，丝瓜去皮切滚刀，生姜切片备用。2.锅中放入适量水，放入姜，蛏子冷水时下锅。3.待水开了之后放入丝瓜。4.丝瓜易熟，开几分钟后加适量盐即可出锅。,,,
盐焗蛏子,1.蛏子用清水洗干净表面的泥巴，要多洗几次。2.洗好的蛏子放到清水里，撒上少许海盐，再滴几滴麻油，静置2个小时，以便让蛏子能够尽快吐沙。3.吐好沙的蛏子用手挤压一下贝壳，会看到蛏子吐出一股水来。4.处理好的蛏子在背后划一刀，用厨房用纸吸干表面的水分。5.平底锅中倒入一包海盐，加入少许 花椒、香叶、八角，小火翻炒片刻。6.待盐略微泛黄，花椒香味溢出时将香料捞出。7.将蛏子开口朝下放在海盐上，全部码好。8.盖上锅盖，大火加热30秒再焖10分钟即可。,,,
美味爆炒蛏子,1.蛏子用清水洗干净表面的泥巴，要多洗几次。2.洗好的蛏子放到清水里，撒上少许海盐，再滴几滴麻油，静置2个小时，以便让蛏子能够尽快吐沙。3.小米椒切断，葱姜切丝。4.油七分热时，放入蛏子大火爆炒，同时加入两汤匙黄酒。待翻炒至蛏子渗出水后，把蛏子捞出备用。此步骤的主要作用是去腥去水。5.再次起锅下油，七分热时，放入葱姜蒜小米椒，扁炒出香味。6.放入蛏子，快速翻炒一分钟。加入半勺六月鲜豆瓣酱翻炒均匀后放盐即可出锅。,,,
超鲜葱油蛤蜊,1.蛤蜊养养去泥沙，蒜弄成蒜泥，葱切小段，姜丝备好。2.烧一锅开水，把蛤蜊放进去，搅动几下，开口后控干捞出，尽量开口向上放置在上菜的盘子上。3.捞出少许蛤蜊汤，放入淀粉拌匀，做成水淀粉。4.开油锅，多倒点油。5~7成热的时候转中小火，放入蒜泥，姜丝和葱花，熬出香味。倒入刚刚调好的水淀粉。炒至有粘稠感，加入少许蚝油。5.把烧好的葱油汤头均匀浇在蛤蜊上即可。,,,
蛤蜊炖蛋,1.蛤蜊先吐沙后清洗干净，然后锅内放入姜丝烧开水，放入蛤蜊煮至壳张开即可关火捞出，再放入水中淘干净，煮蛤蜊的水不要倒掉，把上面漂的一层水沫捞出撇除备用。2.根据炖蛋的盘子大小决定鸡蛋个数，打入两个鸡蛋或者三个鸡蛋搅拌成均匀的鸡蛋液。3.乘着锅里煮蛤蜊的水没有凉在半温状态，舀是蛋液的两倍蛤蜊煮水倒入空碗中，把碗里加入适量的盐，用手持筷子把盐搅化。注意水一定要是蛋液的1.5至2倍，个人感觉2倍最好，口感又滑嫩，水少水多都会影响炖蛋的口感。4.把刚才搅匀的蛤蜊盐水稍微凉一些倒入鸡蛋液里混合后顺着一个方向再次搅匀。5.准备一个漂亮的浅盘子，把蛤蜊围着盘子四圈摆好，尽量挑选张口一样大小的蛤蜊，每个蛤蜊扇贝里面放两块蛤蜊肉，多余下来的蛤蜊肉可以剁碎铺在盘底，也可以不用。如果是深的盘子，为了美观，可以不要急着放蛤蜊，先在盘子里倒入一半蛋液，上锅蒸熟后再摆好蛤蜊然后倒入剩下的蛋液继续蒸，不过深的盘子时间适当放长一些，一般8至10分钟左右。6.在盘子里面倒入蛋液，蛋液在盘中的三分之二处即可，然后放入有水的蒸锅里。7.盘子上面盖上一个干净无水的盘子，也可以用保鲜膜代替，这一步很重要，如果不盖，蛋液在蒸的过程中会被锅盖上掉下来的水蒸气烫成很多蜂窝孔，然后开大火蒸5分钟。8.因为是浅的开口大的盘子，所以一般蒸不到5分钟基本可熟了。当然没有浅的盘子也可以用深的盘子，但是蒸蛋时间要长两倍才能蒸熟，蒸蛋时间如果过长也会影响蛋的口感。,,,
蛤蜊饭,1.花蛤吐沙洗净（这步很重要，没有洗净的花蛤会使口感变差）。2.取一口汤锅，倒入味淋、料理酒、酱油（各50ml）、水600ml。煮沸。3.煮沸后立即将花蛤倒入这锅酱汁，煮至口开。熄火，用笊篱将花蛤连壳带肉系数捞出。沥干，放入合适大小的料理盘碗钵内。稍放凉后，戴上一次性手套剥出蛤肉，备用。4.将锅内煮过蛤蜊的汤汁，用细网筛过滤。滤后汤汁备用。5.煮饭。像平常一样淘好米沥干，只是将煮饭的水量一半换成4中煮蛤蜊的汤汁。汤汁和清水的混合液体量：米量=1.1:1。（多余的汤汁可当佃煮高汤使用）。6.饭煮好后，用饭铲拨松，盛到碗内，上面盖上3中的蛤蜊肉，切一些细葱花撒上即可。,,,
上汤螺丝,1.螺蛳买来后在水中浸泡半日，让其吐尽泥沙，再清冼干净。烹饪前用钳子夹去尾部的壳。腊肉切小块，青红椒切段，生姜、大蒜切片备用。2.炒锅中加入适量的油，油热后加入姜片、蒜粒煸炒。煸炒出香味后加入事先切好的腊肉。3.倒入洗好的螺丝大火爆炒3分钟。4.加入小米椒、盐、米酒继续翻炒。5.加入适量的水，煮沸后转小火，继续炖煮5分钟。6.加入青红椒点缀即可。,,,
爆炒螺丝,1.螺丝下几滴油养上半天。2.半锅水下几片姜，一匙盐。3.水烧开后倒入螺烧两分钟 再倒出控水。4.准备好材料，葱姜蒜和辣椒切好。5.锅下油热后下姜 蒜 辣椒炒出香味。6.倒入螺翻炒一分钟。7.倒入料酒 生抽 盐 鸡精 白糖，烧至水差不多干了就可以了。,,,
香辣螺丝,1.养干净（多次清洗干净外皮，在准备食用当天滴上几滴油养）的螺丝剪去尾巴，再用食盐搓洗。2.准备一锅水，煮开后倒入螺丝，加几滴醋，醋不能放多，煮制过程中水会有点变绿，正常现象，煮2分钟。3.煮好捞出，再用清水洗一遍，沥干备用。4.热锅下油（炒螺丝油重一点），放入生姜，葱，蒜头，八角煸香，再加入豆瓣酱，干辣椒翻炒，炒出红油。5.倒入沥干的螺丝，大火翻炒，待锅底略焦，喷入半瓶啤酒，大火烧开。再加入开水（要是开水哦，冷水会影响味道）盖过螺丝即可，大火顶出浓厚红油，调入盐，酱油，糖，少量醋。6.待卤汁略稠，转小火熬煮五分钟即可出锅，出锅后立即撒上葱花。,,,
爆炒鱿鱼圈,1.鱿鱼掏静内脏，将鱿鱼身体部分切成圈，用黄酒，葱姜丝腌制一个小时。2.用沸水将提前腌制好的鱿鱼圈，下锅焯水。3.放油烧热后，爆炒洋葱丝。4.放入焯好的鱿鱼圈，爆炒。5.随后，放入调制好的佐料（甜蜜酱2勺、芝麻酱半勺、花生酱半勺、黄酒半勺、美极鲜1勺、糖半勺），可以再放些黄酒调味。6.最后放入柿子椒即可。,,,
卤鱿鱼,1.新鲜鱿鱼两条处理干净。2.锅中下适量水放入鱿鱼。3.准备料酒，姜，八角，香叶。4.锅中放入姜、八角、料酒、香叶、老抽、盐、白糖、鸡精。5.水烧开3分钟把鱿鱼翻过来另外一面入味～再烧2分钟即可关火。在锅里浸至鱿鱼变凉再捞出切。6.最后搭配一碟陈醋或者番茄酱沾着吃。,,,
双椒炒鱿鱼卷,"1.鱿鱼选大只一些的，再准备一个剪刀。2.把两边的肉鳍沿着底部剪下。3.撕去两边薄膜。4.再沿着身体里面那根透明的软骨剪开，取掉里面所有的杂物，再撕掉表面的膜，这鱿鱼就彻底收拾干净了。5.鱿鱼的内部那面朝上，先是从鱿鱼底部割，刀片要倾斜45度角，每一次下手.都不能把它底割开了.
要的是连着的。6.全部割好后，把鱿鱼换一个方向，再立着刀片，竖着开始割。7.全部割好之后切成小长条。8.锅中烧水，水开后把鱿鱼片放下去，会马上卷起，马上捞出放入冷水中浸泡。不要煮久了，会老。9.青红辣椒，洋葱，切块。小米椒，生姜切丝，大蒜瓣和大葱切片。蚝油，生抽，白胡椒粉，白糖，生抽，混合均匀。10.锅里放油，把小米椒，大蒜瓣，大葱，生姜放下去爆香。11.放入洋葱，炒香。12.放入鱿鱼，翻炒几下后，放入二汤勺的啤酒或半汤勺白酒。13.放入青红椒翻炒。14.放入调料汁。15.快速大火爆炒至材料断生，关火后放鸡精即可。",,,
砂锅目鱼仔,1.目鱼仔宰杀洗净，焯水。2.红葱头、姜、蒜子和尖椒切块。3.花生油起锅，把目鱼仔和红葱头、姜、蒜、尖椒、辣椒酱、老抽、黄豆酱一起爆香。4.放入砂锅中焗5分钟，最后撒上适量白兰地、葱段即可。,,,
爆炒目鱼仔,1.墨鱼仔洗净，放开水锅里烫一下即可捞出。2.蒜瓣拍碎，姜切丝，青椒切片。3.炒锅放油烧热加蒜，姜丝炒香，下墨鱼仔，料酒，海鲜酱，青椒片，盐糖大火煸炒2分钟即可。,,,
香辣目鱼仔,1.准备食材～墨鱼仔洗干净，眼睛和牙都去掉，切片 。青椒红椒切三角形大小等同的片，蒜切片，姜切丝，待用。2.锅内热油，姜蒜爆香。3.墨鱼仔下锅，放料酒，翻炒至收紧变色。4.青红椒下锅，放盐，海鲜酱油1汤匙，一直持续中大火。5.加入一大汤匙香辣酱。6.最后加鸡精，提鲜。7.大火收一点汁，即可出锅。,,,
凉拌海带,"1.海带泡发好洗干静,放入开水中煮15分钟捞起过一遍凉开水,再捞起沥干水分装入盘子中。2.葱末,蒜末，姜末,指天椒切碎准备好。3.热锅里面放入玉米油,把蒜末,姜末，小辣椒倒进去翻炒出味道。4.加入两勺辣椒油,放入1小勺盐和鸡精！把调味料倒入装海带的盘子中。5.放入生抽，香醋和芝麻油、撒上葱花拌均匀即可。",,,
清炒海带,1.海带用凉水洗净，切成丝沥水待用；蒜切片，葱切末。2.起油锅，待油烧至七分熟，放入蒜片炒香，倒入海带丝，大火炒。3.倒入料酒，翻炒片刻。4.放入葱末，翻炒片刻后，放入适量盐调味即可关火盛出。,,,
蛤蜊海带豆腐汤,1.蛤蜊泡在清水中，加一小勺盐，滴几滴食用油，养半天让蛤蜊吐出泥沙，洗净捞出。2.海带结冲洗干净在清水里泡会儿，豆腐切块。3.锅中注入清水，放入少许姜丝，把海带结放入煮开后转小火煮10分钟。4.将豆腐放入锅中。5.和海带一起小火煮两三分钟。6.蛤蜊放入锅中，煮至开口，放盐和胡椒粉调味，撒葱花出锅即可。,,,
韭香豆干,"1. 香干切条，韭菜切段。
2. 起油锅，下香干煸炒香。
3. 下韭菜。很容易炒，放盐，起锅。",,,
青椒炒白豆干,"1. 白干子切片，放水里煮略开捞出，冲凉
2. 炒锅加油烧热放入姜片放干子煸炒，炒的干子两面略黄即可（大约4分钟左右）
3. 倒入辣椒，盐，糖，酱油炒上色，辣椒变软即可出锅
",,,
干锅香辣鸡翅,"1. 鸡翅中洗净入水浸泡半小时将血水去除，小刀表面划刀方便腌制
2. 加入姜蒜末，少许盐，少许白酒或料酒腌制半小时的同时，土豆去皮，先竖着切薄片，再一分为二成近半圆周状
3. 平底锅小火煎鸡翅，正面盖锅盖五分钟，反面五分钟（近似此相册里的脆皮盐煎鸡翅）
4. 取出鸡翅，锅里还有少许好鸡油，加入土豆片与培根段小火焖几分钟至快熟取出备用
5. 锅里加入郫县豆瓣，炒出红油，加入姜蒜末与干辣椒段炒香，加入少许糖
6. 加入鸡翅翻炒上色均匀，再加入土豆培根翻炒上色均匀
7. 改到砂锅煲，直接小火干烧至微焦，撒上青椒碎即可~",,,
白灼斑节虾,"一锅水 加盐料酒老姜几片 水烧开后 虾倒入 稍许翻一下 保证上下层尽量均匀加热

虾成U字型最佳 V字型略生头部黄可能不够熟 O字型则过头有点老了

盐加多些其实就是盐水斑节虾 不用蘸佐料也很鲜甜
佐料：醋和酱油比例约3:1 混合姜末和糖 拌匀",,,
豉油斑节虾,"1. 斑节虾洗净，剪掉虾须
2. 姜切片，蒜切成蓉、葱切葱花
3. 锅里放油烧热，把姜和蒜蓉先下锅爆香，再把虾入油翻炒至变色，同时加入一勺黄酒。
4. 待虾变色后，放一大勺（炒菜锅勺）生抽和一大勺豉油，然后加入四勺左右的白砂糖（5克的小勺）一起炒匀。
5. 翻炒大约五分钟左右，尝一下，看看味道，若不够咸可稍加一点点盐，别加多哦。然后撒上葱花翻炒一下关火，撒上一点点蘑菇精（鸡精）就可以出锅了。",,,
清蒸皮皮虾,蒸锅加水后把清洗过的皮皮虾摆放在笼屉上，均匀撒上姜丝，摆上葱段，撒上少许盐，开锅后再蒸15分钟即可出锅食用。,,,
清炒鸡纵菌,1. 将菌切成小丁备用。2. 蒜切瓣备用。3. 青椒切切成碎粒备用。4. 将清油烧热，稍微冷却，放入切好的鸡纵菌，翻炒2分钟左右。5. 加入切好的蒜片，继续翻炒1分钟。6. 加入青椒碎，继续翻炒1分钟左右。7. 根据口味撒入适量的盐，翻炒到味道均匀，便可出锅。,,,
糖醋脆皮豆腐,"1. 将所有调料除葱花外混合在一个碗内，调匀备用 2. 老豆腐切成麻将大小的块
3. 用厨房纸仔细吸干表面的水份
4. 锅内油烧到八成热后，将豆腐块一个个放入，煎到两面金黄
5. 如果这时候锅内的油比较多，可以倒出一部分不要，将兑好的调料汁淋入锅中
6. 大火将汁收稠后，撒上葱花、芝麻，关火",,,
家常豆腐,"1. 木耳提前用水泡发，洗净备用 2. 胡萝卜、青辣椒、红辣椒分别切片
3. 老豆腐切成约1CM厚的三角形片
4. 平底锅热油，放入豆腐片煎到两面金黄后盛出备用
5. 锅中热油，挖一大勺的豆瓣酱炒至出红油，放入姜片煸香
6. 倒入胡萝卜片、青辣椒、红辣椒和黑木耳翻炒
7. 倒入煎好的豆腐块，调入盐，白糖，再加少许清水煮1-2分钟，令豆腐入味
8. 最后水淀粉勾簿茨，鸡精调味，大火收汁即可",,,
火爆肥肠,"1. 肥肠沥干切段待用。姜切片，蒜轻拍成块粒，干辣椒剪段待用。 2. 辣椒、彩椒洗净切片待用。洋葱洗净切圈待用。
3. 锅入油大火烧旺，入盐、肥肠快速爆炒至水气收干，表皮泛黄变脆微焦，入糖翻炒至肥肠上色。
4. 入干辣椒、花椒、姜、蒜、洋葱、彩椒，料酒继续翻炒至洋葱断生，香味四溢即可。",,,
干锅肥肠,"1. 将买回来的猪大肠用面粉、醋反复搓洗，再用清水冲洗数次。里面的肥油不要去掉，肥肠好吃不好吃全靠它。
2. 切成小段，将大肠放入冷水锅中，倒入2勺白酒或者料酒，丢入几个葱白段和生姜片，大火煮20分钟，捞出。 3. 准备配菜。青椒、黄瓜、青笋、胡萝卜洗干净备用。 4. 锅中下油，冷油时丢10几粒花椒进去，慢慢炒香，然后将葱段、大蒜、生姜丝、干辣椒、泡姜丝、泡辣椒放入继续煸炒。
5. 将调料的香味炒出来，倒入大肠，调入一勺蚝油、一勺老抽，上色，炒匀。 6. 放点盐，一勺白糖，倒入开水，淹没食材的1/2即可，翻匀，盖上锅盖，焖至汁水收干。
7. 先放入青椒、胡萝卜、芹菜等蔬菜，略炒2分钟，再放入黄瓜、青笋等比较好熟的蔬菜，翻炒几下，一点味精。关火，一盘色泽红亮，滋味鲜香的干锅肥肠就可以装盘上桌了。",,,
青椒肉丝,"1. 青椒横向剖开，去除里面的芯后，切成丝，里脊肉顺纹理切成丝。
2. 把切好的肉丝放入碗内加老抽、生抽、糖（总用量的一半）、料酒用手抓匀后腌15分钟。
3. 在肉里加入一汤匙清水，抓到肉丝吃进所有水份时，再加干淀粉抓匀。
4. 炒锅里加少量油，油热后下青椒丝煸炒到微软时，出锅备用。
5. 再次烧热锅，倒入少量油，油热后下姜蒜片爆香，倒入肉丝快速炒散（要大火快炒，肉丝才嫩，火小了肉丝会老）。
6. 肉丝炒到约八成熟时，下炒过的青椒丝同炒匀。
调入盐与糖（剩下的一半）炒匀后，再淋入水淀粉勾薄芡，炒匀即可出锅",,,
青椒素炒杏鲍菇,"1. 将青椒切成细条状或薄片。
2. 把杏鲍菇洗净，切细条状（也可以切成片状，根据个人喜好饥渴。）切条状较好入味。
3. 将大蒜瓣轻拍去皮，切丁（不需要切成蒜末）
4.在热锅中加入一些食用油（可比平时炒菜时略多些，杏鲍菇吸油。）
5. 待油热时，加入切好的大蒜爆香。
6. 大蒜炒出香味后加入切好的青椒丝翻炒，加入少许食盐，让青椒入味，脱水。
7. 待青椒稍微断生时加入杏鲍菇，大火翻炒。再加入盐，生抽调味。少许老抽调色。
8. 待青椒和杏鲍菇都断生之后加入少许鸡精拌炒均匀即可。",,,
青椒炒蛋,"1. 青椒切碎丁状备用。 2. 热锅下油，油热后，下青椒炒至断生后，加适量盐调好后起锅，装进大碗里。
3. 敲入2个鲜鸡蛋，撒少许胡椒粉。
4. 彻底的搅打均匀。
5. 净锅内再下入少许底油，晃动锅子，用油把整个锅底都润一下，像摊饼样倒入步骤5里拌好的青椒蛋液，撒入熟芝麻，待蛋液基本凝固时，炒散即可。",,,
,,,,
,,,,
,,,,
,,,,
,,,,